001	CONTRIB SOLIDARITE AUTONOMIE SEULE	CSA SEULE	E		0.30		01/10/2004
002	REGUL VIEILLESSE CRP RATP PP	REGUL V CRP RATP PP	F	100.00			01/10/2025
003	REDUCTION SALARIALE HEURES SUP	REDUCTION H SUPP PO	R	100.00			01/01/2019
003	REDUCTION SALARIALE HEURES SUP	REDUC SAL HEURES SUP	R	100.00	0.00		01/01/2007
004	DEDUCTION PATRONALE HEURES SUP	DED PP H SUP 20 SAL+	R	100.00			01/01/2007
006	ARBITRES ET JUGES SPORTIFS	ARBITRES	D	15.45	13.26	1.22	01/01/2026
006	ARBITRES ET JUGES SPORTIFS	ARBITRES	D	15.45	13.17	1.29	01/05/2025
008	VIEILLESSE CRP RATP PP NCOP	VIEILCRP RATP PP OP	E	13.78	2.51		01/01/2026
008	VIEILLESSE CRP RATP PP NCOP	VIEILCRP RATP PP OP	E	13.78	2.02		01/10/2025
009	VIEILLESSE CRP RATP PP T2 NCOP	VIEICRP RATP PPT2OP	E		12.42		01/10/2025
009	VIEILLESSE CRP RATP PP T2 NCOP	VIEICRP RATP PPT2OP	E	19.96	5.00		01/01/2018
010	CONTR RETRAITE SUPPL RENTES 32%	RET SUP RENTES 32%	E		32.00		01/01/2017
011	NON RESIDENTS ACTIFS EDF AGENTS STAT	NON RES.ACT EDF STAT	E		4.50		01/01/2018
012	FORFAIT SOCIAL TAUX 20 %	FORF.SOC.TAUX 20 %	E		20.00		01/01/2016
013	VIEILLESSE CRP RATP PP	VIEILL CRP RATP PP	E	14.56	2.51		01/01/2026
013	VIEILLESSE CRP RATP PP	VIEILL CRP RATP PP	E	14.56	2.02		01/10/2025
014	VIEILLESSE CRP RATP PO	VIEILL CRP RATP PO	E		12.95		01/10/2025
014	VIEILLESSE CRP RATP PO	VIEILL CRP RATP PO	E	0.16			01/11/2012
015	VIEILLESSE CRP RATP PP T2	VIEILL CRPRATP PPT2	E		14.57		01/10/2025
015	VIEILLESSE CRP RATP PP T2	VIEILL CRPRATP PPT2	E	0.14			01/11/2012
021	CONTRIBUTION ASSURANCE CHOMAGE CCI U2	CONTR.CHOMAGE CCI	E		0.20		01/01/2020
022	RR PRERETRAITE CASA	RR PRERET.CASA	E		0.30		01/01/2019
023	ELUS LOCAUX INDEMNITE SUP 50% PASS	ELUS LOC. > 50% PSS	A	15.45	21.06	0.00	01/01/2026
023	ELUS LOCAUX INDEMNITE SUP 50% PASS	ELUS LOC. > 50% PSS	A	15.45	20.97	0.00	01/01/2024
024	ARBITRES AMATEURS PART EXONEREE	ARBITRES EXO	E	0.00	0.00		01/01/2026
024	ARBITRES AMATEURS PART EXONEREE	ARBITRES EXO	E	0.00	0.00		01/05/2025
025	RR RETRAITE BASE TAUX PLEIN	RR RET.B TX PN	E		8.80		01/01/2024
027	CONTRIBUTION AU DIALOGUE SOCIAL	CONTR.DIALOGUE SOC	E		0.016		01/01/2015
030	COTISATION AF SNCF	AF SNCF	E		3.45		01/01/2019
031	COTISATION AF RATP	AF RATP	E		3.45		01/01/2019
032	CAPE ou AT SEULEMENT MAYOTTE	CAPE OU AT SEUL MAY	A	0.00		0.00	01/01/2019
034	RR RETRAITE BASE TAUX REDUIT	RR RET.B TX RT	E		4.30		01/01/2024
035	RR RETRAITE BASE ALSACE MOSELLE AL AL	RR RET.B AL MOS	E		1.30		01/04/2022
036	RR RETRAITE COMPLEMENTAIRE TX PLE	RR RET.C TX PN	E		8.80		01/01/2024
037	RR RETRAITE COMPLEMENTAIRE TX RED	RR RET.C TX RT	E		4.30		01/01/2024
038	RR RETRAITE COMPLT ALSACE MOSELLE AL AL	RR RET.C AL MOS	E		1.30		01/04/2022
040	RR RETRAITE COMPLT COTIS.MALADIE	RR RET.C MALADIE	E		1.00		01/01/2010
041	RR PRERETRAITE AV 11/10/2007 TX PLN	RR PRERET.2007 TP	E		8.80		01/01/2024
042	RR PRERETRAITE AV 11/10/2007 TX RDT	RR PRERET.2007 TR	E		4.30		01/01/2024
043	RR PRERETRAITE TAUX PLEIN	RR PRERET. TX PL	E		9.70		01/01/2024
044	STAGIAIRES NOTARIAT VIEILLESSE RG	STAG NOTAR VIEIL RG	A	15.45	15.06	0.00	01/01/2026
044	STAGIAIRES NOTARIAT VIEILLESSE RG	STAG NOTAR VIEIL RG	A	15.45	14.97	0.00	01/01/2024
046	EMPLOI PENITENTIAIRE MALADIE CSA AT	CEP MALADIE CSA AT	A		4.50	0.00	01/01/2016
048	EMPLOI PENITENTIAIRE VIEILLESSE	CEP VIEILLESSE	E	15.45	2.51		01/01/2026
048	EMPLOI PENITENTIAIRE VIEILLESSE	CEP VIEILLESSE	E	15.45	2.42		01/01/2024
049	AGENT TITULAIRE BANQUE DE FRANCE	AGENT BDF	E		8.55		01/01/2019
052	RR PRERETRAITE ALSACE MOSELLE AL AL	RR PRERET.AL MOS	E		1.30		01/04/2022
053	RR PRERETRAITE COT.MALADIE REG.GENE	RR PRERET.MAL RG	E		1.70		01/01/2010
054	RR PRERETRAITE COT.MALADIE REG.SPEC	RR PRERET.MAL RS	E		0.95		01/01/2010
055	RR PRERETRAITE COT.MALADIE DEC.EMPL	RR PRERET.MAL DUE	E		1.00		01/01/2010
056	MAITRE DOCUMENT.PRIV AV/AF	MAITRE PRIVE AV AF	E	15.45	5.96		01/01/2026
056	MAITRE DOCUMENT.PRIV AV/AF	MAITRE PRIVE AV AF	E	15.45	5.87		01/01/2024
058	MAITRE DOCUMENTALISTE PRIVE MALADIE	MAITRE PRIVE MALADIE	E		10.00		01/09/2005
060	RR CHOMAGE CSG-CRDS TAUX PLEIN	RR CHOM.TX PN	E		6.70		01/01/2024
070	RR CHOMAGE CSG-CRDS TAUX REDUIT	RR CHOM.TX RT	E		4.30		01/01/2024
071	AIDE EXCEPTIONNELLE CHLORDECONE	AIDE CHLORDECONE	F	100.00			01/01/2024
073	RACHAT RTT PP REG SPEC VIEILLESSE RG	RACH.RTT PP RSG	F	100.00			01/09/2023
076	RACHAT RTT REDUC.SALARIALE REG SPEC.	RACH.RTT RED PO RSP	F	100.00			01/08/2022
077	RACHAT RTT REDUC.PATRONALE REG SPEC	RACH.RTT RED PP RSP	F	100.00			01/08/2022
078	REDUC.SALARIALE HS REGIMES SPECIAUX	H SUP PO REG SPEC	F	100.00			01/01/2022
079	RR CHOMAGE ALSACE MOSELLE AL AL	RR CHOM.AL MOS	E		1.30		01/04/2022
080	RR IJSS DE BASE TAUX PLEIN	RR IJSS B TX PN	E		6.70		01/01/2024
081	RR IJSS COMPLEMENTAIRE TX PLEIN	RR IJSS C TX PN	E		8.80		01/01/2024
084	RED. GENERALE NOTARIAT VIEILLESSE RG U2	RED.GEN.NOTAR RG	F	100.00			01/01/2026
084	RED. GENERALE NOTARIAT VIEILLESSE RG U2	RED.GEN.NOTAR RG	F	100.00			01/09/2023
085	REDUCTION GENERALE NOTARIAT	RED GAL NOTARIAT	F	100.00			01/01/2026
085	REDUCTION GENERALE NOTARIAT	RED GAL NOTARIAT	F	100.00			01/01/2023
086	DEDUCTION PP HEURES SUP NOTARIAT	DED PP H SUP NOTAIR	F	100.00			01/01/2023
087	DED PP HS NOTARIAT VIEILLESSE RG	DED PP HS NOTAR RG	F	100.00			01/09/2023
091	EXONERATION AF ARMEMENT MARITIME	EXO AF MARINS	F	100.00			01/10/2011
096	RACHAT DE RTT REDUCTION SALARIALE	RACHAT RTT REDUC PO	F	100.00			01/08/2022
097	RACHAT DE RTT REDUCTION PATRONALE	RACHAT RTT REDUC PP	F	100.00			01/08/2022
098	REDUC SAPEURS POMPIERS VOLONTAIRES	RED SAPEUR POMPIER	F	100.00			01/01/2026
099	EMBAUCHE 1ER AU 50EME SALARIE ZFRR	EXONERATION ZFRR	F	100.00			01/07/2024
100	RG CAS GENERAL	CAS GENER	A	15.45	13.26	0.00	01/01/2026
100	RG CAS GENERAL	CAS GENER	A	15.45	13.17	0.00	01/01/2024
101	RG CAS GENERAL MAYOTTE	CAS GENER MAY	A	20.84	11.02	0.00	01/01/2026
101	RG CAS GENERAL MAYOTTE	CAS GENER MAY	A	20.73	9.97	0.00	01/01/2025
102	REGIME GENERAL SANS AT	RG SANS AT	E	15.45	13.26		01/01/2026
102	REGIME GENERAL SANS AT	RG SANS AT	E	15.45	13.17		01/01/2024
104	RG AVEC DISPENSE PO(AU PAIR)	DISP PO PAIR	A	8.55	12.86	0.00	01/01/2026
104	RG AVEC DISPENSE PO(AU PAIR)	DISP PO PAIR	A	8.55	12.77	0.00	01/01/2024
106	RG AVEC DISPENSE PO SANS AT	DISP PO	E	8.55	12.86		01/01/2026
106	RG AVEC DISPENSE PO SANS AT	DISP PO	E	8.55	12.77		01/01/2024
109	C.C.I.DE PARIS	C.C.I. DE PARIS	A	15.45	15.96	0.00	01/01/2026
109	C.C.I.DE PARIS	C.C.I. DE PARIS	A	15.45	15.87	0.00	01/01/2024
110	PLAN EMPLOI JEUNES	EMP JEUNES	A	15.45	13.26	0.00	01/01/2026
110	PLAN EMPLOI JEUNES	EMP JEUNES	A	15.45	13.17	0.00	01/01/2024
112	RG AVEC DISPENSE PO VIEILLESSE	RG DISPENSE PO VIEIL	A	8.55	12.86	0.00	01/01/2026
112	RG AVEC DISPENSE PO VIEILLESSE	RG DISPENSE PO VIEIL	A	8.55	12.77	0.00	01/01/2024
114	RG AVEC DISPENSE PO VIEIL.SANS AT	DISP PO VIEIL	E	8.55	12.86		01/01/2026
114	RG AVEC DISPENSE PO VIEIL.SANS AT	DISP PO VIEIL	E	8.55	12.77		01/01/2024
118	CONTR RET SUPPL FINAN DOT AUX PROV	RET SUPP DOTATIONS	E		48.00		01/01/2017
120	HEBERGEMENT CENTRES READAPT SOCIALE	READAPTAT	E	15.45	13.26		01/01/2026
120	HEBERGEMENT CENTRES READAPT SOCIALE	READAPTAT	E	15.45	13.17		01/01/2024
122	HANDICAPES AVEC AIDE AU POSTE	HAND.AIDE AU POSTE	A	15.45	12.96	0.00	01/01/2026
122	HANDICAPES AVEC AIDE AU POSTE	HAND.AIDE AU POSTE	A	15.45	12.87	0.00	01/01/2024
127	COTISATIONS NOTARIAT VIEILLESSE RG	NOTARIAT VIEILL RG	A	15.45	13.26	0.00	01/01/2026
127	COTISATIONS NOTARIAT VIEILLESSE RG	NOTARIAT VIEILL RG	A	15.45	13.17	0.00	01/01/2024
130	CONCIERGES ET EMPLOYES IMM.CAS GEN.	EMPLOYE IMM. CAS GEN	D	15.45	13.26	3.47	01/01/2026
130	CONCIERGES ET EMPLOYES IMM.CAS GEN.	EMPLOYE IMM. CAS GEN	D	15.45	13.17	3.30	01/05/2025
131	CONCIERGES ET EMPLOYES IMM.CAS GEN. AL	CAS GENERAL	D	15.45	14.56	1.64	01/01/2026
131	CONCIERGES ET EMPLOYES IMM.CAS GEN. AL	CAS GENERAL	D	15.45	14.47	1.74	01/05/2025
132	CONCIERGE,EMPLOYE IMMEUBLE,AU PAIR	EMPLOYE IMM.AU PAIR	D	8.55	12.86	3.47	01/01/2026
132	CONCIERGE,EMPLOYE IMMEUBLE,AU PAIR	EMPLOYE IMM.AU PAIR	D	8.55	12.77	3.30	01/05/2025
133	CONCIERGES EMPL.D'IMM.AU PAIR AL	AU PAIR	D	8.55	12.86	1.64	01/01/2026
133	CONCIERGES EMPL.D'IMM.AU PAIR AL	AU PAIR	D	8.55	12.77	1.74	01/05/2025
134	CENTRES DE VACANCES LEGERS	COL VAC	A	15.45	13.26	0.00	01/01/2026
134	CENTRES DE VACANCES LEGERS	COL VAC	A	15.45	13.17	0.00	01/01/2024
135	CENTRES DE VACANCES LEGERS AL	CAS GENERAL	A	15.45	14.56	0.00	01/01/2026
135	CENTRES DE VACANCES LEGERS AL	CAS GENERAL	A	15.45	14.47	0.00	01/01/2024
136	CENTRES VACANCES LEGERS DISPENSE PO	COL. VAL	A	8.55	12.86	0.00	01/01/2026
136	CENTRES VACANCES LEGERS DISPENSE PO	COL. VAL	A	8.55	12.77	0.00	01/01/2024
137	CENTRES VACANCES LEGERS DISP.PO AL	AU PAIR	A	8.55	12.86	0.00	01/01/2026
137	CENTRES VACANCES LEGERS DISP.PO AL	AU PAIR	A	8.55	12.77	0.00	01/01/2024
138	CENTRE VACANCES LEGER DISP.PO VIEIL.	COL. VAC.	A	8.55	12.86	0.00	01/01/2026
138	CENTRE VACANCES LEGER DISP.PO VIEIL.	COL. VAC.	A	8.55	12.77	0.00	01/01/2024
139	CENTRES VACANCES LEGERS DISP.PO VIE. AL	DISP PO VIEIL	A	8.55	14.16	0.00	01/01/2026
139	CENTRES VACANCES LEGERS DISP.PO VIE. AL	DISP PO VIEIL	A	8.55	14.07	0.00	01/01/2024
140	CENTRES DE VACANCES DEVELOPPES	COL VAC	A	15.45	13.26	0.00	01/01/2026
140	CENTRES DE VACANCES DEVELOPPES	COL VAC	A	15.45	13.17	0.00	01/01/2024
141	CENTRES DE VACANCES DEVELOPPES AL	CENTRES VACANCES	A	15.45	14.56	0.00	01/01/2026
141	CENTRES DE VACANCES DEVELOPPES AL	CENTRES VACANCES	A	15.45	14.47	0.00	01/01/2024
142	CENTRES VACANCES DEVEL.DISPENSE PO	DISP PO	A	8.55	12.86	0.00	01/01/2026
142	CENTRES VACANCES DEVEL.DISPENSE PO	DISP PO	A	8.55	12.77	0.00	01/01/2024
143	CENTRES VACANCES DEVEL.DISP.PO AL	DISP PO	A	8.55	12.86	0.00	01/01/2026
143	CENTRES VACANCES DEVEL.DISP.PO AL	DISP PO	A	8.55	12.77	0.00	01/01/2024
144	CENTRE VACANCES DEVEL.DISP.PO VIEIL.	DISP PO VIEIL	A	8.55	12.86	0.00	01/01/2026
144	CENTRE VACANCES DEVEL.DISP.PO VIEIL.	DISP PO VIEIL	A	8.55	12.77	0.00	01/01/2024
145	CENTRES VACANCES DEVEL DISP PO VIEI. AL	DISP PO VIEIL	A	8.55	14.16	0.00	01/01/2026
145	CENTRES VACANCES DEVEL DISP PO VIEI. AL	DISP PO VIEIL	A	8.55	14.07	0.00	01/01/2024
146	CADETS DE GOLF	CADETS GOLF	A	15.45	13.26	0.00	01/01/2026
146	CADETS DE GOLF	CADETS GOLF	A	15.45	13.17	0.00	01/01/2024
150	STAGIAIRES FORMATION PROFESSIONNELLE	STAGIAIRE FORM. PROF	D	15.45	21.06	2.08	01/01/2026
150	STAGIAIRES FORMATION PROFESSIONNELLE	STAGIAIRE FORM. PROF	D	15.45	20.97	2.12	01/01/2024
151	STAGIAIRE FORMATION PROF MAYOTTE	STAG F P MAY	D	20.84	6.55	2.08	01/01/2026
151	STAGIAIRE FORMATION PROF MAYOTTE	STAG F P MAY	D	20.73	5.85	2.12	01/01/2025
156	TACHES D'INTERET GENERAL (REMUNERES)	TIG REMUN	D	15.45	13.26	3.80	01/01/2026
156	TACHES D'INTERET GENERAL (REMUNERES)	TIG REMUN	D	15.45	13.17	3.80	01/01/2024
157	TACHES D'INTERET GENERAL MAYOTTE	T.I.G. MAYOTTE	D	0.00		3.70	01/01/2019
158	TACHE INTERET GENERAL(NON REMUNERES)	INT GEN	D			3.80	01/01/2000
159	TRAVAIL D'INTERET GENERAL	INT GEN	D			3.70	01/01/2010
160	RG SAUF MALADIE DONT ANCIENS MINEURS	ANCMINEUR	A	15.45	6.76	0.00	01/01/2026
160	RG SAUF MALADIE DONT ANCIENS MINEURS	ANCMINEUR	A	15.45	6.67	0.00	01/01/2024
162	RG SAUF INV.VIEIL.ANCIENS MINEURS	EXO INV	A		10.75	0.00	01/01/2019
164	COTISATIONS NOTARIAT	COTIS. NOTARIAT	A		40.69	0.00	01/01/2026
164	COTISATIONS NOTARIAT	COTIS. NOTARIAT	A		40.60	0.00	01/01/2024
166	RG SAUF MALADIE VIEILLESSE SANS AT	A.F. FNAL	E		3.45		01/01/2015
168	RG SAUF MALADIE ET AF	VIEIL ET FNAL	A	15.45	2.51	0.00	01/01/2026
168	RG SAUF MALADIE ET AF	VIEIL ET FNAL	A	15.45	2.42	0.00	01/01/2024
169	EXO MISE A LA RETRAITE CVE	EXO CVE	F	100.00			01/11/2025
170	REGIME GENERAL RISQUE VIEILLESSE	VIEILLESSE SEULE	E	15.45	2.51		01/01/2026
170	REGIME GENERAL RISQUE VIEILLESSE	VIEILLESSE SEULE	E	15.45	2.42		01/01/2024
171	COTISATION AT CAS PARTICULIERS	COT AT CAS PART	E		100.00		01/01/2006
172	RG SAUF INV.VIEIL.DONT FONCT DETACHE	RG SS I V	A		9.95	0.00	01/01/2019
173	RG SAUF INV VIEIL FONCT DETACHE MAYO	RG SS I V MAYOTTE	A	5.40	11.02	0.00	01/01/2026
173	RG SAUF INV VIEIL FONCT DETACHE MAYO	RG SS I V MAYOTTE	A	5.40	9.97	0.00	01/01/2025
174	RG SAUF INVAL VIEILLESSE SANS AT	RG SAUF INV V	E		9.95		01/01/2019
175	EMPLOI PENITENTIAIRE VIEILLESSE MAYO	PENITENT VIEIL MAYO	E	15.44			01/01/2026
175	EMPLOI PENITENTIAIRE VIEILLESSE MAYO	PENITENT VIEIL MAYO	E	15.33			01/01/2025
176	RG SAUF INVALIDITE VIEILLESSE ET AF	RG SAUF IV AF	A		6.50	0.00	01/01/2019
178	RG SAUF INVAL VIEILLESSE AF SANS AT	RG SAUF IV AF	E		6.50		01/01/2019
180	RG SAUF VIEILLESSE	RG SAUF VIEILLESSE	A		10.75	0.00	01/01/2019
182	RG SAUF VIEILLESSE SANS AT	MAL AF FNAL	E		10.75		01/01/2019
183	RG SAUF VIEILLESSE SANS AT MAYOTTE	MAL AF FNAL MAY	E	5.40	11.02		01/01/2026
183	RG SAUF VIEILLESSE SANS AT MAYOTTE	MAL AF FNAL MAY	E	5.40	9.97		01/01/2025
184	RG SAUF VIEIL.AF DONT ORGAN.INTERNAT	MAL FNAL AT	A		7.30	0.00	01/01/2019
186	RG SAUF VIEIL.AF SANS AT OUVR.ETAT	MAL ET FNAL	E		7.30		01/01/2019
188	RG SAUF AF DONT ETS PUBLICS	SAUF AF	A	15.45	9.81	0.00	01/01/2026
188	RG SAUF AF DONT ETS PUBLICS	SAUF AF	A	15.45	9.72	0.00	01/01/2024
190	RG SAUF AF SANS AT DONT ETABL PUBLIC	SAUF AFAT	E	15.45	9.81		01/01/2026
190	RG SAUF AF SANS AT DONT ETABL PUBLIC	SAUF AFAT	E	15.45	9.72		01/01/2024
193	VOLONTARIAT ASSOCIATIF MAL.VIEIL	VOL ASS FORF	E		100.00		01/10/2006
194	RG SAUF AF AVEC DISPENSE PO	RG SS PO	A	8.55	9.41	0.00	01/01/2026
194	RG SAUF AF AVEC DISPENSE PO	RG SS PO	A	8.55	9.32	0.00	01/01/2024
196	RG SAUF AF AVEC DISPENSE PO SANS AT	DISP PO AF AT	E	8.55	9.41		01/01/2026
196	RG SAUF AF AVEC DISPENSE PO SANS AT	DISP PO AF AT	E	8.55	9.32		01/01/2024
197	VOLONTARIAT ASSOCIATIF AT	VOL ASSOC AT	D			2.08	01/01/2026
197	VOLONTARIAT ASSOCIATIF AT	VOL ASSOC AT	D			2.12	01/01/2024
198	PROFESSIONS JUDICIAIRES	PROF JUDI	A		10.75	0.00	01/01/2019
200	MARINS DU COMMERCE CMAF	FNAL	E		3.45		01/01/2015
201	CNIEG DEDUCTION PETIT POOL	CNIEG DED. POOL	F	100.00			01/01/2022
202	RG AVEC DISPENSE PO VIEIL.SANS AF	DISP PO V	A	8.55	9.41	0.00	01/01/2026
202	RG AVEC DISPENSE PO VIEIL.SANS AF	DISP PO V	A	8.55	9.32	0.00	01/01/2024
204	RG SAUF AF DISPENSE PO VIEIL.SANS AT	DISP PO VIEIL	E	8.55	9.41		01/01/2026
204	RG SAUF AF DISPENSE PO VIEIL.SANS AT	DISP PO VIEIL	E	8.55	9.32		01/01/2024
206	SALARIES NON RESIDENTS ACTIFS	NO N RESID ACT	E		5.50		01/03/2018
208	TEMPS PARTIEL (COTIS.SUR ABATTEMENT)	TPS PART	E	6.90			01/01/2016
210	CNIEG RS CAS PARTICULIER	CNIEG RS CAS PART	E		40.41		01/05/2025
210	CNIEG RS CAS PARTICULIER	CNIEG RS CAS PART	E		40.84		01/05/2024
215	CNIEG AUTRES RISQUES	CNIEG AUTRE RISQUE	E		2.60		01/05/2025
215	CNIEG AUTRES RISQUES	CNIEG AUTRE RISQUE	E		2.15		01/05/2024
217	RR RETRAI CPLMT COTIS AM N-RESID. RA	RR RET CPLMT COT-AM	E		4.20		01/03/2018
219	VIEILLESSE CRPCEN TEMPS PARTIEL	VIEILLESSE CRPCEN	E		29.94		01/01/2026
219	VIEILLESSE CRPCEN TEMPS PARTIEL	VIEILLESSE CRPCEN	E		29.85		01/01/2024
220	A.F.SEULEMENT	A.F. SEULEMENT	E		100.00		01/01/1998
221	PENA.ABS.CONTRAT GEN.	PENA.CONTRAT GEN.	E		100.00		01/10/2013
222	VIEILLESSE SEULEMENT	VIEIL.SEULE	E	100.00			01/01/1998
225	CSA REGIMES SPECIAUX	CSA R. SPECIAUX	E		0.30		01/01/2017
226	A.T.SEULEMENT	A.T. SEULEMENT	A			0.00	01/01/1998
227	COT.SUPPL.AT DEFAUT PREVENTION	AT PREVENTION	E		100.00		01/01/2000
228	MALADIE SEULEMENT	MALADIE SEULE	E		100.00		01/01/1998
230	FNAL SEULEMENT	FNAL SEUL	E	100.00			01/01/2007
231	PENA.ABS.DOC EVAL.	PENA.DOC EVAL.	E		100.00		01/10/2013
232	INVALIDITE SEULEMENT	INVALIDITE	E		100.00		01/01/1998
233	COT.AT FORMATION PROFESSIONNELLE	COT.AT FPROF.	D			2.08	01/01/2026
233	COT.AT FORMATION PROFESSIONNELLE	COT.AT FPROF.	D			2.12	01/01/2024
234	CSG/CRDS DETENUS	CSG CRDS DET	E		9.70		01/01/2024
236	FNAL TOTALITE	FNAL TOTALITE	E		0.50		01/01/2012
238	FNAL TEMPS PARTIEL (SALAIRE PLAFON.)	FNAL PART	E	0.10			01/01/2007
239	CAPE SANS REMUNERATION COTISATION AT	CAPE COTISATION AT	A			0.00	01/01/2008
241	EMPLOI PENITENTIAIRE MAL AT MAYOTTE	PENITENT MAL AT MAY	D		11.02	0.90	01/01/2026
241	EMPLOI PENITENTIAIRE MAL AT MAYOTTE	PENITENT MAL AT MAY	D		9.97	0.92	01/05/2025
242	PUPILLES EDUCATION SURVEILLEE	PUP EDUC SUR A.T.	D			0.10	01/01/1998
244	CREATEUR ENTREPRISE COTISANT VIEIL.	CRE ENTRE	E	15.45	2.51		01/01/2026
244	CREATEUR ENTREPRISE COTISANT VIEIL.	CRE ENTRE	E	15.45	2.42		01/01/2024
246	ALLOCATION CONVENTION DE CONVERSION	C. CONVER	A	15.45	13.26	0.00	01/01/2026
246	ALLOCATION CONVENTION DE CONVERSION	C. CONVER	A	15.45	13.17	0.00	01/01/2024
248	RR CSG PRESTATION FAMILIALE	RR CSG PREST FAMILL	E		6.20		01/01/2024
251	CONTRIB MALADIE REV ACTIVITE MAYOTTE	CONTRIB MLD ACTI	E		4.47		01/01/2026
251	CONTRIB MALADIE REV ACTIVITE MAYOTTE	CONTRIB MLD ACTI	E		4.12		01/01/2025
252	RR RET BASE ET CPLMT PAMC NRES	RR RET PAMC NRE	E		3.20		01/01/2010
253	RR PRERETRAITE N RES RG-CAS2	RR PRERET NRES CAS2	E		4.65		01/01/2010
255	RR PRERETRAITE N-RES MARINS	RR PRERET NRES MARI	E		5.40		01/01/2010
257	RR PRERETRAITE N-RES CRPCEN	RR PRERET NRES CRPC	E		4.00		01/01/2010
260	CSG CRDS REGIME GENERAL	CSG CRDS	E		9.70		01/01/2024
260	CSG CRDS REGIME GENERAL	CSG CRDS	E		9.70		01/01/2018
262	CSG CRDS FONCTIONNAIRES TITULAIRES	CSG FONCT	E		9.70		01/01/2024
262	CSG CRDS FONCTIONNAIRES TITULAIRES	CSG FONCT	E		8.00		01/01/1998
264	CSG CRDS TITULAIRES COLLECT.TERRIT	CSG COL T	E		9.70		01/01/2024
264	CSG CRDS TITULAIRES COLLECT.TERRIT	CSG COL T	E		9.70		01/01/2018
265	SERVICE CIVIQUE VOLONTARIAT AT/MP	S.CIVIQUE VOL AT	D			2.08	01/01/2026
265	SERVICE CIVIQUE VOLONTARIAT AT/MP	S.CIVIQUE VOL AT	D			2.12	01/01/2024
267	ICP AGRICOLE - CSG	ICP AGRICOLE-CSG	E		9.70		01/01/2018
268	CONTRIB ATTRIB ACTIONS GRATUITES 30%	ATTR ACTION GRATUIT	E		30.00		01/12/2017
269	CSG DES MILITAIRES	CSG MILITAIRES	E		9.20		01/01/2024
271	CRDS DES MILITAIRES	CRDS MILITAIRES	E		0.50		01/07/2001
274	CSG CRDS REG.SPECIAUX (PART.ACTIF)	CSG REG SPEC	E		9.70		01/01/2024
284	CSG CRDS ELUS LOCAUX	CSG ELUS	E		9.70		01/01/2024
284	CSG CRDS ELUS LOCAUX	CSG ELUS	E		9.70		01/01/2018
285	S.CIVIQUE VOLONTARIAT AV AF MAL	S.CIVIQUE VOL.VIEL	E	15.45	20.76		01/01/2026
285	S.CIVIQUE VOLONTARIAT AV AF MAL	S.CIVIQUE VOL.VIEL	E	15.45	20.67		01/01/2024
286	ARTISTES SALARIES NON RESIDENTS	ARTISTES	E		3.85		01/03/2018
288	VIEILLESSE TEMPS PARTIEL	TPS PARTI	E	15.45	2.51		01/01/2026
288	VIEILLESSE TEMPS PARTIEL	TPS PARTI	E	15.45	2.42		01/01/2024
293	RG MAJO CDD USAGE <OU=3 MOIS U2	RG MAJO CDD <=3M CU	E		0.50		01/01/2020
296	CONTRAT ACCES EMPLOI MINISTERE DOM OM	CAE	A	6.90	0.70	0.00	01/01/2026
296	CONTRAT ACCES EMPLOI MINISTERE DOM OM	CAE	A	6.90	0.70	0.00	01/01/2024
297	CONTRAT ACCES EMPLOI DOM MIN.BUDGET OM	C.A.E BUDGET	A	6.90	0.70	0.00	01/01/2026
297	CONTRAT ACCES EMPLOI DOM MIN.BUDGET OM	C.A.E BUDGET	A	6.90	0.70	0.00	01/01/2024
298	CONTRAT ACCES EMPLOI MINISTERE DOM OM	CAE	E		100.00		01/01/2019
299	CAE CAS PART MINISTERE BUDGET OM	CAE CAS PART MIN AT	E		100.00		01/01/2019
300	VRP MULTICARTES	VRP MULTICARTES	D	13.80	13.26	0.79	01/01/2026
300	VRP MULTICARTES	VRP MULTICARTES	D	13.80	13.17	1.07	01/05/2025
302	EXO AIDE A DOMICILE/ACCUEIL FAMILIAL	ASSOC DOMI EXO	A	6.90	0.70	0.00	01/01/2026
302	EXO AIDE A DOMICILE/ACCUEIL FAMILIAL	ASSOC DOMI EXO	A	6.90	0.70	0.00	01/01/2024
308	RR RETRAITE BASE REG.SPEC. N-RESID	RR RET.B RS NON RES	E		3.20		01/01/2019
309	COMPLEMENT MALADIE PERSONNEL MEDICAL	MALADIE PERS.MEDIC.	E		6.00		01/01/2019
310	ICP AGRICOLE - SECU	ICP AGRICOLE - SECU	E	15.45	21.46		01/01/2026
310	ICP AGRICOLE - SECU	ICP AGRICOLE - SECU	E	15.45	13.76		01/05/2025
311	ICP AGRICOLE-COT IGRLAM	ICP AGRICOLE-IGRLAM	E		1.10		01/01/2014
312	ARTISTES CAS GENERAL ABATTEMENT 30%	ARTISTES 30%	A	10.82	9.38	0.00	01/01/2026
312	ARTISTES CAS GENERAL ABATTEMENT 30%	ARTISTES 30%	A	10.82	9.31	0.00	01/01/2024
313	ARTISTES CAS GENERAL ABATTEMENT 30% AL	ARTISTES	A	10.82	10.29	0.00	01/01/2026
313	ARTISTES CAS GENERAL ABATTEMENT 30% AL	ARTISTES	A	10.82	10.22	0.00	01/01/2024
314	ARTISTES AVEC DISPENSE PO ABATT 30%	ART. PP	A	5.99	9.10	0.00	01/01/2026
314	ARTISTES AVEC DISPENSE PO ABATT 30%	ART. PP	A	5.99	9.03	0.00	01/01/2024
315	ARTISTES AVEC DISPENSE PO ABATT 30% AL	ARTISTES PAIR	A	5.99	9.10	0.00	01/01/2026
315	ARTISTES AVEC DISPENSE PO ABATT 30% AL	ARTISTES PAIR	A	5.99	9.03	0.00	01/01/2024
316	FNAL ARTISTES TOTALITE	FNAL ARTISTES TOTAL	E		0.35		01/01/2012
318	ARTISTES FONCTIONNAIRES ABATT 30%	ART.FONC.	A	5.99	9.10	0.00	01/01/2026
318	ARTISTES FONCTIONNAIRES ABATT 30%	ART.FONC.	A	5.99	9.03	0.00	01/01/2024
319	ARTISTES FONCTIONNAIRES ABBAT 30% AL	ART FONCT	A	5.99	10.01	0.00	01/01/2026
319	ARTISTES FONCTIONNAIRES ABBAT 30% AL	ART FONCT	A	5.99	9.94	0.00	01/01/2024
320	ARTISTES SANS AT	ART SANS AT	E	10.82	9.38		01/01/2026
320	ARTISTES SANS AT	ART SANS AT	E	10.82	9.31		01/01/2024
321	ARTISTES SANS AT AL	ART SANS AT	E	10.82	10.29		01/01/2026
321	ARTISTES SANS AT AL	ART SANS AT	E	10.82	10.22		01/01/2024
323	EXO CONTRATS AIDES ATELIER INSERTION	EXO ACI	D	6.90	0.70	1.50	01/01/2026
323	EXO CONTRATS AIDES ATELIER INSERTION	EXO ACI	D	6.90	0.70	1.50	01/01/2024
325	EXO ATELIER INSERTION MAYOTTE	EXI INSERTION MAYO	D	5.54	5.22	3.56	01/01/2026
325	EXO ATELIER INSERTION MAYOTTE	EXI INSERTION MAYO	D	5.43	4.87	3.68	01/05/2025
330	MEDECINS FONCTIONNAIRES	MEDECIN FONCT	D	5.99	20.66	1.06	01/01/2026
330	MEDECINS FONCTIONNAIRES	MEDECIN FONCT	D	5.99	20.57	1.05	01/05/2025
331	MEDECINS FONCTIONNAIRES AL	MEDECIN FONCT	D	5.99	21.96	1.16	01/01/2026
331	MEDECINS FONCTIONNAIRES AL	MEDECIN FONCT	D	5.99	21.87	1.11	01/05/2025
332	FNAL PLAFONNE	FNAL PLAFONNE	E	0.10			01/01/2012
333	CUI/CAE FRANCE TRAVAIL	CUI/CAE FRANCE TRAV	E	6.90	0.70		01/01/2018
334	FNAL ARTISTES PLAFONNE	FNAL ARTISTE PLAF	E	0.07			01/01/2012
336	PROF MEDIC ABATT.30% PLF	PROF MEDIC	A	10.82	13.26	0.00	01/01/2026
336	PROF MEDIC ABATT.30% PLF	PROF MEDIC	A	10.82	13.17	0.00	01/01/2024
338	PROF MEDIC ABATT 30% PLF SAUF AF	MEDECINS	A	10.82	9.81	0.00	01/01/2026
338	PROF MEDIC ABATT 30% PLF SAUF AF	MEDECINS	A	10.82	9.72	0.00	01/01/2024
346	PERSONNEL MEDICAL CENTRES DE SANTE	PERS MEDICAL	A	15.45	13.26	0.00	01/01/2026
346	PERSONNEL MEDICAL CENTRES DE SANTE	PERS MEDICAL	A	15.45	13.17	0.00	01/01/2024
348	VENTE A DOMICILE PAR DEMARCHAGE	VENTE DOM	E		100.00		01/01/2026
348	VENTE A DOMICILE PAR DEMARCHAGE	VENTE DOM	E		100.00		01/05/2025
350	CONTRAT D'INSERTION PAR L'ACTIVITE OM	CIA	E	6.90	0.40		01/01/2018
352	CONTR INSERT PAR L'ACTIVITE CAS PART OM	CIA	E		100.00		01/01/2018
353	REGUL RG MAJO CDD TAUX 0,5 % U2	REG MAJO CDD TX 0,5%	F	100.00			01/01/2020
360	INSERTION ACCUEIL EN STRUCT. AGREEE	INSERTION	E	6.90	0.70		01/01/2026
360	INSERTION ACCUEIL EN STRUCT. AGREEE	INSERTION	E	6.90	0.70		01/01/2024
362	ELEVE ENS.TECHNIQUE ART 412.8.2E(A)	ELEVE ENS TECH AT	D			100.00	01/01/2026
362	ELEVE ENS.TECHNIQUE ART 412.8.2E(A)	ELEVE ENS TECH AT	D			100.00	01/01/2025
364	ELEVE ENS.SECONDAIRE AR.412.8.2E(B)	ELEVE ENS SECOND AT	D			100.00	01/01/2026
364	ELEVE ENS.SECONDAIRE AR.412.8.2E(B)	ELEVE ENS SECOND AT	D			100.00	01/01/2025
370	ASSOCIATIONS INTERMEDIAIRES	ASS INT	D	15.45	13.26	3.56	01/01/2026
370	ASSOCIATIONS INTERMEDIAIRES	ASS INT	D	15.45	13.17	3.68	01/05/2025
372	SITUATION INSERTION,BENEFICIAIRE RMI	SIT INSERT RMI AT	D			100.00	01/01/2000
376	COT VIEILLESSE NOTARIAT ALSACE MOSEL AL	VIEILLESSE NOTAR AM	E		100.00		01/01/2026
376	COT VIEILLESSE NOTARIAT ALSACE MOSEL AL	VIEILLESSE NOTAR AM	E		100.00		01/01/2024
377	RR IJSS COMPLEMENTAIRE TX REDUIT	RR IJSS C TX RT	E		4.30		01/01/2024
379	RR COTIS MAL RETRAITE TI NON RES	RR MAL RET TI NR	E		7.10		01/01/2022
381	MAJO ALSACE MOSELLE - SECTEUR PRIVE AL	MAJ ALS MOS PR	E		1.30		01/04/2022
382	APPRENTIS NOTARIAT INF SEUIL	APP. NOTAIRE INF	A		27.66	0.00	01/01/2026
382	APPRENTIS NOTARIAT INF SEUIL	APP. NOTAIRE INF	A		27.57	0.00	01/01/2024
383	APPRENTIS NOTARIAT INF SEUIL AL MO AL	APP NOT INF SEUI AM	E		100.00		01/01/2026
383	APPRENTIS NOTARIAT INF SEUIL AL MO AL	APP NOT INF SEUI AM	E		100.00		01/01/2024
384	REDUCTION GENERALE NOTARIAT REGUL	RED GAL NOTAI REGUL	E	100.00			01/01/2026
384	REDUCTION GENERALE NOTARIAT REGUL	RED GAL NOTAI REGUL	E	100.00			01/01/2023
385	SERVICE CIVIQUE VOLONTARIAT CSG-CRDS	S.CIVIQUE VOL.CSG	E		9.70		01/01/2024
388	RED GEN NOTARIAT VIEILLESSE RG REGUL U2	R.GEN.NOTAR.RG REG	E	100.00			01/01/2026
388	RED GEN NOTARIAT VIEILLESSE RG REGUL U2	R.GEN.NOTAR.RG REG	E	100.00			01/09/2023
389	RR INVALIDITE DE BASE TAUX PLEIN	RR INV.B TX PN	E		8.80		01/01/2024
390	INDEMNITE INFLATION	INDEMNITE INFLATION	E	0.00	0.00		01/10/2021
391	MAJO ALSACE MOSELLE - SECTEUR PUBLIC AL	MAJ ALS MOSELLE PUB	E		1.30		01/04/2022
395	RR INVALIDITE DE BASE TAUX REDUIT	RR INV.B TX RT	E		4.30		01/01/2024
396	RR PRERETRAITE MAL RG CAS2	RR PRERET RG CAS2	E		1.45		01/01/2010
397	RR PRERETRAITE MALADIE MARINS	RR PRERET AM MARINS	E		2.20		01/01/2010
398	RR PRERETRAITE MALADIE CRPCEN	RR PRERET AM CRPCEN	E		0.80		01/01/2010
399	RR INVALIDITE COMPLEMENTAIRE TX PLE	RR INV.C TX PN	E		8.80		01/01/2024
400	CREDIT IMPOT COMPETITIVITE EMPLOI	CICE	E		0.00		01/01/2013
401	ACCRE EXONERATION DEGRESSIVE	ACCRE EXO DEGRESS.	F	100.00			01/01/2026
401	ACCRE EXONERATION DEGRESSIVE	ACCRE EXO DEGRESS.	F	100.00			01/01/2024
402	JEU EXONERATION TAUX PLEIN	JEU EXO TAUX PLEIN	A	6.90	0.70	0.00	01/01/2026
402	JEU EXONERATION TAUX PLEIN	JEU EXO TAUX PLEIN	A	6.90	0.70	0.00	01/01/2024
404	CONTRAT CAPE AVEC REMUNERATION	CAPE REMUNERE	A	15.45	21.06	0.00	01/01/2026
404	CONTRAT CAPE AVEC REMUNERATION	CAPE REMUNERE	A	15.45	20.97	0.00	01/01/2024
406	PROJET DE TRANSITION PROFESSIONNELLE	PTP	D	15.45	13.26	2.08	01/01/2026
406	PROJET DE TRANSITION PROFESSIONNELLE	PTP	D	15.45	13.17	2.12	01/01/2024
407	REMUNERATIONS TIERS AVANTAGE NATURE	REM TIERS SANS PO	D	8.55	20.66	2.08	01/01/2026
407	REMUNERATIONS TIERS AVANTAGE NATURE	REM TIERS SANS PO	D	8.55	20.57	2.12	01/01/2024
408	GRAND PORT MARITIME DE BORDEAUX	GRAND PORT BORDEAUX	A	15.45	15.75	0.00	01/01/2028
410	CONTRAT ACCOMP CAS PART MAYOTTE	ACCOMP C.PART MAY	E		100.00		01/01/2026
410	CONTRAT ACCOMP CAS PART MAYOTTE	ACCOMP C.PART MAY	E		100.00		01/01/2025
411	S CIVIQUE VOLONTARIAT AT/MP MAYOTTE	VOLONTARIAT AT MAY	D	0.00		2.08	01/01/2026
411	S CIVIQUE VOLONTARIAT AT/MP MAYOTTE	VOLONTARIAT AT MAY	D	0.00		2.12	01/01/2024
412	S.CIVIQUE VOL AV AF MAL MAYOTTE	S.CIVIQ.VOL.AV MAY	E	20.84	11.02		01/01/2026
412	S.CIVIQUE VOL AV AF MAL MAYOTTE	S.CIVIQ.VOL.AV MAY	E	20.73	9.97		01/01/2025
413	REDUCTION GENERALE MAYOTTE	REDUCTION GENE MAY	F	100.00			01/01/2026
413	REDUCTION GENERALE MAYOTTE	REDUCTION GENE MAY	F	100.00			01/01/2025
414	CONTRIB ASSURANCE CHOMAGE MAYOTTE	CONTRIB CHOMAGE MAY	E		2.80		01/01/2019
415	ASSURANCE CHOMAGE APPREN 79 MAYOTTE	CHOM APPREN 79 MAY	E		2.80		01/01/2019
416	ASSURANCE CHOMAGE APPREN 87 MAYOTTE	CHOM APPREN 87 MAY	E		2.80		01/01/2019
417	CHOMAGE APPR PUBLIC MAYOTTE	CHOM APPR PUBL MAY	E	0.00	0.00		01/01/2019
418	REGIME CHOMAGE APPRENTIS PUBLIC MAYO	ADH APPREN PUBL MAY	E	0.00	0.00		01/01/2019
419	REGUL REDUCTION GENE MAYOTTE	REGUL.REDUC.GLE MAY	E	100.00			01/01/2026
419	REGUL REDUCTION GENE MAYOTTE	REGUL.REDUC.GLE MAY	E	100.00			01/01/2025
420	CONTRAT ACCOMPAGNEMENT DANS L EMPLOI	CT ACCOMPAGN EMPLOI	A	6.90	0.70	0.00	01/01/2018
421	CONTRAT ACCOMP. EMPLOI MAYOTTE	ACCOMP EMPLOI MAY	A	5.54	5.22	0.00	01/01/2026
421	CONTRAT ACCOMP. EMPLOI MAYOTTE	ACCOMP EMPLOI MAY	A	5.43	4.87	0.00	01/01/2025
422	CONTRAT ACCOMPAGNEMENT CAS PART	CT ACCOMP EMPL PART	E		100.00		01/01/2018
423	CONTRIB ASSURANCE CHOMAGE APPREN 87 U2	ASSU CHOM APPREN 87	E		4.00		01/05/2025
423	CONTRIB ASSURANCE CHOMAGE APPREN 87 U2	ASSU CHOM APPREN 87	E		4.05		01/01/2019
427	REGIME CHOMAGE APPRENTIS SECT.PUB U2	ADH. APPRENTI PUB	E	0.00	0.00		01/05/2025
427	REGIME CHOMAGE APPRENTIS SECT.PUB U2	ADH. APPRENTI PUB	E	0.00	0.00		01/01/2019
428	SURCOT. CHOMAGE APPRENTIS SECT.PUB U2	SURCOT. APPR. PUB	E	0.00	0.00		01/01/2018
429	CONTRIB ASSURANCE CHOMAGE APPR PUBLI U2	ASSU CHOM APPR PUBL	E	0.00	0.00		01/05/2025
429	CONTRIB ASSURANCE CHOMAGE APPR PUBLI U2	ASSU CHOM APPR PUBL	E	0.00	0.00		01/01/2019
430	COMPLEMENT COTISATION AF	AF TAUX PLEIN	E		1.80		01/01/2015
431	ACCRE EXO DEGRESSIVE MAYOTTE	ACCRE DEGRESS MAY	F	100.00			01/01/2026
431	ACCRE EXO DEGRESSIVE MAYOTTE	ACCRE DEGRESS MAY	F	100.00			01/01/2025
432	COMPLEMENT AF ABATT. 30 %	COMPLT AF ABATT.30 %	E		1.26		01/01/2015
433	ACCRE REGULARISATION MAYOTTE	ACCRE REGUL MAY	E	100.00			01/01/2026
433	ACCRE REGULARISATION MAYOTTE	ACCRE REGUL MAY	E	100.00			01/01/2025
434	COMPLEMENT AF ABATT. 20 %	COMPLT AF ABATT.20 %	E		1.44		01/01/2015
437	DEDUCTION AF TAUX REDUIT	DEDUCTION AF	F	100.00			01/01/2019
438	RR ECRETEMENT (AGECFA/FONGECFA)	RR ECRETEMENT CFA	F	100.00			01/01/2015
438	EXONERATION GREVE SNCM	EXO GREVE SNCM	F	100.00			01/01/2014
440	RR INVALIDITE COMPLEMENTAIRE TX RED	RR INV.C TX RT	E		4.30		01/01/2024
441	RR RETRAITE BASE REG.GEN. N-RESID.	RR RET.B RG NON RES	E		3.20		01/01/2010
442	RR RETRAITE COMPLT NON RESIDENT	RR RET.C NON RES	E		4.20		01/01/2019
443	RR PRERETRAITE N RESIDENT REG.GENE	RR PRERET N-RES RG	E		4.90		01/01/2019
446	RR PRERETRAITE N-RESIDENT REG.SPEC	RR PRERET.N-RES RS	E		4.15		01/01/2010
447	AT-BENEF MISE EN SITUATION PROF ESAT	AT BENEF PMSP ESAT	E		100.00		13/10/2016
448	APPRENTIS NOTARIAT VIEILLESSE RG	APPR NOTAR VIEIL RG	A	8.55	12.86	0.00	01/01/2026
448	APPRENTIS NOTARIAT VIEILLESSE RG	APPR NOTAR VIEIL RG	A	8.55	12.77	0.00	01/01/2024
450	CONTRIBUTION C2P REGIMES SPECIAUX	C2P REGIME SPECIAL	E		0.01		01/05/2025
450	CONTRIBUTION C2P REGIMES SPECIAUX	C2P REGIME SPECIAL	E		0.01		01/01/2017
451	VIEILLESSE CRP RATP PP CET	VIEICRP RATP PP CET	E		0.21		01/10/2025
451	VIEILLESSE CRP RATP PP CET	VIEICRP RATP PP CET	E		0.20		01/01/2017
453	RR PRERETRAITE N-RESID.DECL.UNI.EMP	RR PRERET.N-RES DUE	E		4.20		01/01/2010
454	RR CHOMAGE MALADIE NON RESID	RR CHOM.NON RES	E		2.80		01/01/2010
460	RG SAUF VIEILL.NATIONALITE ETRANGERE	SAUF AV ETRANGER	A		10.75	0.00	01/01/2019
462	EXO DOM SMIC 130% A 220% U2	EXO DOM 220%	F	100.00			01/01/2026
462	EXO DOM SMIC 130% A 220% U2	EXO DOM 220%	F	100.00			01/01/2019
463	EXO DOM SMIC 200% A 270% U2	EXO DOM 270%	F	100.00			01/01/2026
463	EXO DOM SMIC 170% a 270% U2	EXO DOM 270%	F	100.00			01/01/2019
464	EXONERATION COLPORTEURS DE PRESSE	COLPORTEURS PRESSE	D	6.90	0.70	1.90	01/01/2026
464	EXONERATION COLPORTEURS DE PRESSE	COLPORTEURS PRESSE	D	6.90	0.70	1.90	01/01/2024
466	EXONERATION PRESSE MAGAZINE	EXO PRESSE MAGAZINE	D	6.90	0.70	1.90	01/01/2026
466	EXONERATION PRESSE MAGAZINE	EXO PRESSE MAGAZINE	D	6.90	0.70	1.90	01/01/2024
467	EXONERATION PRESSE MAGAZINE AL	EXO PRESSE MAGAZINE	D	6.90	2.00	1.90	01/01/2026
467	EXONERATION PRESSE MAGAZINE AL	EXO PRESSE MAGAZINE	D	6.90	2.00	1.90	01/01/2024
468	EXONERATION PRESSE GRATUITE	EXO PRESSE GRATUITE	D	6.90	0.70	1.90	01/01/2026
468	EXONERATION PRESSE GRATUITE	EXO PRESSE GRATUITE	D	6.90	0.70	1.90	01/01/2024
469	CPRPF FORFAIT DISPO RET	CPRPF FORF DISP RET	E		12.00		01/01/2026
469	CPRPF FORFAIT DISPO RET	CPRPF FORF DISP RET	E	0.00	0.00		01/01/2013
470	EXONERATION PRESSE GRATUITE AL	EXO PRESSE GRATUITE	D	6.90	2.00	1.90	01/01/2026
470	EXONERATION PRESSE GRATUITE AL	EXO PRESSE GRATUITE	D	6.90	2.00	1.90	01/01/2024
471	REV REMPLACEMENT CHOMAGE MAYOTTE	REV REMP CHOM MAY	E		4.47		01/01/2026
471	REV REMPLACEMENT CHOMAGE MAYOTTE	REV REMP CHOM MAY	E		4.12		01/01/2025
473	EXO DOM SMIC 170% A 350% U2	EXO DOM 350%	F	100.00			01/01/2026
473	EXO DOM SMIC 170% a 350% U2	EXO DOM 350%	F	100.00			01/01/2019
474	PORT BORDEAUX FONCT.DETACHES	PORT BORDEAUX FONCT	A		13.45	0.00	01/01/2028
476	FONCT. TITUL OUVRIERS ETAT MAYOTTE	FONC ETAT MAY	E	5.40	11.02		01/01/2026
476	FONCT. TITUL OUVRIERS ETAT MAYOTTE	FONC ETAT MAY	E	5.40	9.97		01/01/2025
477	REDUCTION AIDE A DOMICILE U2	REDUC.AIDE A DOM	F	100.00			01/01/2026
477	REDUCTION AIDE A DOMICILE	REDUC AIDE DOMICILE	F	100.00			01/01/2019
478	REGULARISATION FORFAIT SOCIAL	REGUL FORFAIT SOC.	F	100.00			01/01/2025
479	FORFAIT SOCIAL 8%	FORFAIT SOC. 8 %	E		8.00		01/01/2016
480	FORFAIT SOCIAL TAUX 16%	FORF.SOC.TAUX 16%	E		16.00		01/11/2015
481	CNFPT CAS GENERAL	CNFPT CAS GENERAL	E		1.00		01/01/2025
482	CNFPT OPH	CNFPT OPH	E		1.05		01/01/2025
483	CNFPT SPP	CNFPT SPP	E		1.86		01/01/2025
484	CNFPT EA CAE	CNFPT EA CAE	E		0.50		01/01/2021
485	REGUL. REDUCTION AIDE A DOMICILE U2	REGUL AIDE DOM	E	100.00			01/01/2026
485	REGUL. REDUCTION AIDE A DOMICILE	REGUL AIDE DOMICILE	E	100.00			01/01/2019
486	Apprentis loi 1987 AT 11-50 Mayotte	APP 87 MAY-50	A	15.40	5.80	0.00	01/01/2026
486	Apprentis loi 1987 AT 11-50 Mayotte	APP 87 MAY-50	A	15.40	5.10	0.00	01/01/2025
487	Apprentis loi 1979 AT - 11 Mayotte	APP 79 MAY-11	A	15.40	5.80	0.00	01/01/2026
487	Apprentis loi 1979 AT - 11 Mayotte	APP 79 MAY-11	A	15.40	5.10	0.00	01/01/2025
488	Apprentis loi 1987 AT + 50 Mayotte	APP 87 MAY+50	A	15.30	6.30	0.00	01/01/2026
488	Apprentis loi 1987 AT + 50 Mayotte	APP 87 MAY+50	A	15.30	5.60	0.00	01/01/2025
489	Apprentis loi 1992 AT - 50 Mayotte	APP 92 MAY-50	A	0.00		0.00	01/01/2026
489	Apprentis loi 1992 AT - 50 Mayotte	APP 92 MAY-50	A	0.00		0.00	01/01/2025
490	Apprentis loi 1992 AT + 50 Mayotte	APP 92 MAY+50	A	0.00		0.00	01/01/2026
490	Apprentis loi 1992 AT + 50 Mayotte	APP 92 MAY+50	A	0.00		0.00	01/01/2025
492	FONCTIONNAIRES NON RESIDENTS ACTIFS	FONCT.NON RESIDENT	E		4.75		01/01/2018
496	COTISATIONS AGS ETT INTERIMAIRES U2	COTS AGS ETT INTER	E		0.03		01/01/2018
497	DEDUC REGUL COMPL. MALADIE NOTARIAT	DEDREG.COMPL.MALNOT	F	100.00			01/01/2023
500	ACCRE REGULARISATION	ACCRE REGUL	R	100.00			01/01/2026
500	ACCRE REGULARISATION	ACCRE REGUL	R	100.00			01/01/2024
502	PRIME EXCEPTIONNELLE COVID 19	PRIME CVID 19	E	0.00	0.00		01/03/2020
510	PRIME DE PARTAGE DE LA VALEUR	PRIME PPV	E	0.00	0.00		01/07/2022
510	PRIME EXCEPTIONNELLE POUVOIR D ACHAT	PRIME POUVOIR ACHAT	E		0.00		01/06/2021
513	EMBAUCHE 1ER AU 50EME SALARIE ZRR	EXONERATION ZRR	F	100.00			01/01/2009
518	APPRENTIS SECT PUBLIC SUP SEUIL	APP PUBLIC >SEUIL	A	6.90	0.40	0.00	01/01/2026
518	APPRENTIS SECT PUBLIC SUP SEUIL	APP PUBLIC >SEUIL	A	6.90	0.40	0.00	01/01/2024
520	APPRENTIS SECT PUBLIC SUP SEUIL ALS AL	APP PUB >SEUIL	A	6.90	1.70	0.00	01/01/2026
520	APPRENTIS SECT PUBLIC SUP SEUIL ALS AL	APP PUB >SEUIL	A	6.90	1.70	0.00	01/01/2024
538	REGUL EXO DOM SMIC 200% A 270% U2	REGUL EXO DOM 270%	E	100.00			01/01/2026
538	REGUL EXO DOM SMIC 170% a 270%	REGUL EXO DOM 270%	E	100.00			01/01/2019
542	FNAL DEGRE ANNEE 6 CAS GENERAL + SEC	FNAL DEG6CGSP	E		0.40		01/01/2014
544	CONTRIBUTION STOCK OPTIONS	CONTR STOCK OPTIONS	E		30.00		01/01/2016
546	CONTR.RETR.SUPPL BENEF. RENTES 21%	CONTR.BENEF.21%	E		21.00		01/01/2017
548	CAISSES CP SECT BAT TP-METROPOLE	CCP SEC BAT TP METRO	E	2.05	3.04		01/01/2026
548	CAISSES CP SECT BAT TP-METROPOLE	CCP SEC BAT TP METRO	E	2.05	3.04		01/05/2025
549	CAISSES CP SECT BAT TP - DOM OM	CCP SECT BAT TP DOM	E	1.43	2.12		01/01/2026
549	CAISSES CP SECT BAT TP - DOM OM	CCP SECT BAT TP DOM	E	1.43	2.12		01/05/2025
550	CAISSES CP AUTRES SECTEURS	CCP AUTRES SECTEURS	E	1.48	2.18		01/01/2026
550	CAISSES CP AUTRES SECTEURS	CCP AUTRES SECTEURS	E	1.48	2.18		01/05/2025
561	REDUCTION GENERALE CPRPF	REDUC GNRAL CPRPF	F	100.00			01/01/2026
561	REDUCTION GENERALE CPRPF	REDUC GNRAL CPRPF	F	100.00			01/01/2025
562	REGUL REDUCTION GENERALE CPRPF	REG RED GNRL CPRPF	E	100.00			01/01/2026
562	REGUL REDUCTION GENERALE CPRPF	REG RED GNRL CPRPF	E	100.00			01/01/2025
564	CONTR.RETR.SUPPL BENEF.RENTES 7%	CONTR.BENEF. 7%	E		7.00		01/01/2017
566	CONTR.RETR.SUPPL BENEF.RENTES 14%	CONTR.BENEF.14%	E		14.00		01/01/2017
570	REGUL. REDUCTION GENERALE RATP	REGUL RED GLE RATP	E	100.00			01/01/2026
570	REGUL. REDUCTION GENERALE RATP	REGUL RED GLE RATP	E	100.00			01/10/2025
578	Forfait social taux 10%	Forf.Soc. taux 10%	E		10.00		01/01/2019
580	REDUCTION GENERALE RATP	REDUC.GENERALE RATP	F	100.00			01/01/2026
580	REDUCTION GENERALE RATP	REDUC.GENERALE RATP	F	100.00			01/10/2025
583	SERVICE CIVIQUE ENGAGEMENT AT/MP	S.CIVIQUE ENG.AT	D			2.08	01/01/2026
583	SERVICE CIVIQUE ENGAGEMENT AT/MP	S.CIVIQUE ENG.AT	D			2.12	01/01/2024
585	S.CIVIQUE ENGAGEMENT AV AF MAL	S.CIVIQUE ENG VIEL	E	15.45	20.76		01/01/2026
585	S.CIVIQUE ENGAGEMENT AV AF MAL	S.CIVIQUE ENG VIEL	E	15.45	20.67		01/01/2024
586	SERVICE CIVIQUE ENGAGEMENT CSG-CRDS	S.CIVIQUE ENG.CSG	E		9.70		01/01/2024
588	SERVICE CIVIQUE VOLONTARIAT AT/MP	S.CIVIQUE VOL AT	D			2.08	01/01/2026
588	SERVICE CIVIQUE VOLONTARIAT AT/MP	S.CIVIQUE VOL AT	D			2.12	01/01/2024
592	S.CIVIQUE VOLONTARIAT AV AF MAL	S.CIVIQUE VOL.VIEIL	E	15.45	20.76		01/01/2026
592	S.CIVIQUE VOLONTARIAT AV AF MAL	S.CIVIQUE VOL.VIEIL	E	15.45	20.67		01/01/2024
593	EXONERATION ZRD	EXONERATION ZRD	F	100.00			01/09/2009
594	SERVICE CIVIQUE VOLONTARIAT CSG-CRDS	S.CIVIQUE VOL.CSG	E		9.70		01/01/2024
595	EXO DEGRESSIVE OIG ZRR COT SS	EXO OIG ZRR COT SS	F	100.00			01/01/2014
597	EXO DEGRESSIVE OIG ZRR FNAL	EXO DEG OIG FNAL	F	100.00			01/01/2014
599	EXO DEGR OIG ZRR VERS MOBILITE ADD	EXO DEG OIG MOB ADD	F	100.00			01/01/2014
600	ENIM EXO 50% VIEILLESSE PP	ENIM EX50% VIEIL PP	F	100.00			01/01/2020
601	EXO DEGR OIG ZRR VERST MOBILITE	EXO DEG OIG MOBILIT	F	100.00			01/01/2014
602	ENIM EXO 50% VIEILLESSE PO	ENIM EX50% VIEIL PO	F	100.00			01/01/2020
603	AT FONDS COMMUN L437.1 CSS	AT FONDS COMMUN	E		100.00		01/01/2015
604	ENIM EXO 50% PREVOYANCE PP	ENIM EX50% PREV PP	F	100.00			01/01/2020
605	ESEF - RG CAS GENERAL	ESEF- RG CAS GENERAL	D	15.45	13.26	0.73	01/01/2026
605	ESEF - RG CAS GENERAL	ESEF- RG CAS GENERAL	D	15.45	13.17	0.76	01/05/2025
606	ENIM EXO 50% PREVOYANCE PO	ENIM EX 50% PREV PO	F	100.00			01/01/2020
607	ENIM VIEILLESSE PP	ENIM VIEILLESSE PP	E		100.00		01/01/2020
608	ENIM VIEILLESSE PO	ENIM VIEILLESSE PO	E		100.00		01/01/2020
609	ENIM PREVOYANCE PP	ENIM PREVOYANCE PP	E		100.00		01/01/2020
610	ENIM PREVOYANCE PO	ENIM PREVOYANCE PO	E		100.00		01/01/2020
611	ENIM APPRENTIS EXO VIEILLESSE PO	ENIM APPRENTIS EXO	F	100.00			01/01/2020
612	ENIM APPRENTIS EXO PREVOYANCE PO	ENIM APPRENTIS EXO	F	100.00			01/01/2020
613	FONCT NON TITUL FP AVEC AF MAYOTTE	NON TIT FP AF MAYOT	A	20.84	11.02	0.00	01/01/2026
613	FONCT NON TITUL FP AVEC AF MAYOTTE	NON TIT FP AF MAYOT	A	20.73	9.97	0.00	01/01/2025
614	RR PRERETRAITE ECRETEMENT	RR PRERET. ECRETE	F	100.00			01/01/2021
615	ENIM LODEOM ST MARTIN ST BART VIEIL	ENIM LOD ST MAR V	F	100.00			01/01/2020
616	RR CHOMAGE ECRETEMENT	RR CHOM.ECRETE	F	100.00			01/01/2021
617	VIEILLESSE TAUX METROPOLE MAYOTTE	VIEIL METRO MAY	E	15.45	2.51		01/01/2026
617	VIEILLESSE TAUX METROPOLE MAYOTTE	VIEIL METRO MAY	E	15.45	2.42		01/01/2024
618	ENIM LODEOM ST MARTIN ST BART PREV	ENIM LODEOM ST MART	F	100.00			01/01/2020
619	MAYOTTE CONTRIB REV REMPLACEMENT	MAYOTTE REV REM	E		4.47		01/01/2026
619	MAYOTTE CONTRIB REV REMPLACEMENT	MAYOTTE REV REM	E		4.12		01/01/2025
620	MAYOTTE APPRENTIS PUBLIC SUP SEUIL	MAY APPRENT SEUIL	A	5.54	5.22	0.00	01/01/2026
620	MAYOTTE APPRENTIS PUBLIC SUP SEUIL	MAY APPRENT SEUIL	A	5.43	4.87	0.00	01/01/2025
621	ENIM REDUCTION GENERALE ETENDUE	ENIM REDUCTION GALE	F	100.00			01/01/2020
622	CPRPF NON CADRES SUPERIEURS	CPRPF PREV NON CS	E		9.75		01/01/2025
623	CPRPF CADRES SUPERIEURS	CPRPF PREV CS	E		9.75		01/01/2025
624	CPRPF NON CADRES SUP NON RESIDENTS	CPR PREV NI CS NI R	E		14.50		01/01/2025
625	CPRPF CADRES SUP NON RESIDENTS	CPR PREV CS NON RES	E		14.50		01/01/2025
626	EXO COMPTE EPARGNE TEMPS VERS PERCO	EXO CET PERCO	A		0.30	0.00	01/01/2012
627	ENIM REGUL REDUCTION GALE ETENDUE	ENIM REGUL RED GALE	E		100.00		01/01/2020
628	JOURNALISTES ABATT 20% AT/AV/AF/VM	JOURNALISTES	K	12.36	12.15	0.00	01/01/2026
628	JOURNALISTES ABATT 20% AT/AV/AF/VM	JOURNALISTES	K	12.36	12.08	0.00	01/01/2024
629	APPRENTI JOURNALISTE ABBAT 20%	APPRENTI JOURNALIST	K	6.84	11.75	0.00	01/01/2026
629	APPRENTI JOURNALISTE ABBAT 20%	APPRENTI JOURNALIST	K	6.84	11.68	0.00	01/01/2024
630	CPRPF CPA CADRES SUP	CPRPF CPA CS	E		49.52		01/01/2026
630	CPRPF CPA CADRES SUP	CPRPF CPA CS	E		49.25		01/01/2025
631	CPRPF CPA NON CADRES SUP	CPRPF CPA NON CS	E		49.52		01/01/2026
631	CPRPF CPA NON CADRES SUP	CPRPF CPA NON CS	E		49.25		01/01/2025
632	CPRPF TEMPS PARTIEL CADRES SUP	CPRPF TPS PART CS	E		49.52		01/01/2026
632	CPRPF TEMPS PARTIEL CADRES SUP	CPRPF TPS PART CS	E		49.25		01/01/2025
633	CPRPF TEMPS PARTIEL NON CADRES SUP	CPR TPS PART NON CS	E		49.52		01/01/2026
633	CPRPF TEMPS PARTIEL NON CADRES SUP	CPR TPS PART NON CS	E		49.25		01/01/2025
634	CPRPF PREVOYANCE AGENTS RETRAITES	CPR PREV RETRAITES	E		0.70		01/01/2025
635	COMPLEMENT COTISATION MALADIE	MALADIE TAUX PLEIN	E		6.00		01/01/2019
636	COMPLEMENT MALADIE ABATT. 30%	COMPLT MALADIE 30%	E		4.20		01/01/2019
637	DEDUCTION MALADIE TAUX REDUIT	DEDUCTION MALADIE	F	100.00			01/01/2019
638	CPRPF CGE DISPO RET	CPRPF CGE DISPO RET	E		10.95		01/01/2026
638	CPRPF CGE DISPO RET	CPRPF CGE DISPO RET	E		7.85		01/01/2013
639	CPRPF CGE DISPO PREV	CPRPF CGE DISPO PRE	E		4.75		01/01/2026
639	CPRPF CGE DISPO PREV	CPRPF CGE DISPO PRE	E	0.00	0.00		01/10/2018
642	CPRPF RETRAITE NON CADRES SUP	CPRPF RETR NON CS	E		49.52		01/01/2026
642	CPRPF RETRAITE NON CADRES SUP	CPRPF RETR NON CS	E		49.25		01/01/2025
643	CPRPF RETRAITE CADRES SUP	CPRPF RETRAITE CS	E		49.52		01/01/2026
643	CPRPF RETRAITE CADRES SUP	CPRPF RETRAITE CS	E		49.25		01/01/2025
646	ENIM LODEOM DROIT COMMUN	ENIM LODEOM COM	F	100.00			01/01/2020
647	ENIM LODEOM RENFORCEE	ENIM LODEOM RENF	F	100.00			01/01/2020
648	ENIM REGUL LODEOM DROIT COMMUN	ENIM REG LODEOM COM	E		100.00		01/01/2020
649	ENIM REGUL LODEOM RENFORCEE	ENIM REG LODEOM RENF	E		100.00		01/01/2020
650	RR RETRAITE BASE TAUX MEDIAN	RR RET.B TX MD	E		7.10		01/01/2024
650	RR RETRAITE BASE TAUX MEDIAN	RR RET.B TX MD	E		7.10		01/01/2019
651	RR RETRAITE COMPLEMENTAIRE TX MED	RR RET. C TX MD	E		7.10		01/01/2024
651	RR RETRAITE COMPLEMENTAIRE TX MED	RR RET.C TX MD	E		7.10		01/01/2019
652	RR INVALIDITE DE BASE TAUX MEDIAN	RR INV.B TX MD	E		7.10		01/01/2024
652	RR INVALIDITE DE BASE TAUX MEDIAN	RR RET.C TX MD	E		7.10		01/01/2019
653	RR INVALIDITE COMPLEMENTAIRE TX MED	RR INV.C TX MD	E		7.10		01/01/2024
653	RR INVALIDITE COMPLEMENTAIRE TX MED	RR INV.C TX MD	E		7.10		01/01/2019
655	RR RETRAITE BASE CASA	RR RET.B CASA	E		0.30		01/01/2019
655	RR RETRAITE BASE CASA	RR RET. B CASA	E		0.30		01/04/2013
657	RR RETRAITE COMPLEMENTAIRE CASA	RR RET.C CASA	E		0.30		01/01/2019
657	RR RETRAITE COMPLEMENTAIRE CASA	RR RET.C CASA	E		0.30		01/04/2013
658	RR INVALIDITE DE BASE CASA	RR INV.B CASA	E		0.30		01/01/2019
658	RR INVALIDITE DE BASE CASA	RR INV.B CASA	E		0.30		01/04/2013
659	RR INVALIDITE COMPLEMENTAIRE CASA	RR INV.C CASA	E		0.30		01/01/2019
659	RR INVALIDITE COMPLEMENTAIRE CASA	RR INV.C CASA	E		0.30		01/04/2013
661	FONCT DETACHE SAUF AF MAYOTTE	FONCT DETACHE MAY	E		11.02		01/01/2026
661	FONCT DETACHE SAUF AF MAYOTTE	FONCT DETACHE MAY	E		9.97		01/01/2025
663	RR IJSS COMPLEMENTAIRE CASA	RR IJSS C CASA	E		0.30		01/01/2019
668	REDUCTION GENERALE ETENDUE U2	REDUC GALE ETENDUE	F	100.00			01/01/2026
668	REDUCTION GENERALE ETENDUE	REDUC GALE ETENDUE	F	100.00			01/01/2019
669	REGUL REDUCTION GENERALE ETENDUE U2	REGUL REDUC ETENDUE	E	100.00			01/01/2026
669	REGUL REDUCTION GENERALE ETENDUE	REGUL REDUC ETENDUE	E	100.00			01/01/2019
671	REDUCTION GENERALE SANS CHOMAGE	REDUC GEN SANS CHOM	F	100.00			01/01/2026
671	REDUCTION GENERALE SANS CHOMAGE	REDUC GEN SANS CHOM	F	100.00			01/01/2019
672	RR INVALIDITE ECRETEMENT	RR INVALIDITE ECRET	F	100.00			01/01/2010
673	ZFU OU ASS ZFU/ZRU COT SS+FNAL 0.10%	ZFU-ASS ZRU COT SS	F	100.00			01/01/2023
674	ZFU OU ASS ZFU/ZRU FNAL	ZFU-ASS ZRU FNAL	F	100.00			01/01/2012
675	ZFU OU ASS ZFU/ZRU VERST MOBILITE	ZFU-ASS ZRU MOBILIT	F	100.00			01/01/2002
676	REGUL SAPEURS POMPIERS VOLONTAIRES	REGUL POMPIER	E	100.00			01/01/2026
684	REGUL EXO DOM SMIC 130% A 220% U2	REGUL EXO DOM 220%	E	100.00			01/01/2026
684	REGUL EXO DOM SMIC 130% a 220%	REGUL EXO DOM 220%	E	100.00			01/01/2019
685	REGUL EXO DOM SMIC 170% A 350% U2	REGUL EXO DOM 350%	E	100.00			01/01/2026
685	REGUL EXO DOM SMIC 170% a 350%	REGUL EXO DOM 350%	E	100.00			01/01/2019
686	EXO DOM ST MARTIN SMIC 140% a 300%	EXO ST MARTIN 300%	F	100.00			01/01/2019
687	EXO DOM ST MARTIN MOINS DE 11 SAL	EXO ST MARTIN -11	F	100.00			01/01/2019
688	EXO DOM ST MARTIN SMIC 170% a 450%	EXO ST MARTIN 450%	F	100.00			01/01/2019
689	REDUCTION MALADIE CPRPF	REDUC MAL CPRPF	F	100.00			01/01/2019
690	ENIM EXO VIEILL ARMEMENT MARITIME	ENIM EXO VIEIL ARM	F	100.00			01/01/2020
691	ENIM EXO PREV ARMEMENT MARITIME	ENIM EXO PREV ARM	F	100.00			01/01/2020
694	VMRR EXO ZFU	VMRR EXO ZFU	F	100.00			01/07/2025
695	CSG/CRDS CHEQUE VACANCES	CSG CRDS CH VAC	E		9.70		01/01/2024
697	VMRR EXO OIG EN ZRR	VMRR EXO OIG EN ZRR	F	100.00			01/07/2025
702	RG SANCTION NON RESPECT N.A.O	NON RESPECT NAO	E		0.00		01/01/2009
704	CONTR RET SUPPL FINAN PRIMES	RETRAITE SUP FINANCT	E		24.00		01/01/2017
706	CONTR RETRAITE SUPPL RENTES	RETR SUP RENTES	E		16.00		01/01/2017
710	CAMIEG AGENTS EN ACTIVITE	CAMIEG ACTIFS	E		1.96		01/01/2023
712	ASSISTANTS EDUCATION TEMPS COMPLET	ASSISTANTS EDUCATION	E	15.45	21.06		01/01/2026
712	ASSISTANTS EDUCATION TEMPS COMPLET	ASSISTANTS EDUCATION	E	15.45	20.97		01/01/2024
714	ASSISTANTS EDUCATION AVEC AT	ASSIST EDUCATION AT	D	15.45	21.06	0.88	01/01/2026
714	ASSISTANTS EDUCATION AVEC AT	ASSIST EDUCATION AT	D	15.45	20.97	0.92	01/05/2025
715	ASSISTANTS EDUCATION AVEC AT AL	ASSIST EDUCATION AT	D	15.45	22.36	0.88	01/01/2026
715	ASSISTANTS EDUCATION AVEC AT AL	ASSIST EDUCATION AT	D	15.45	22.27	0.92	01/05/2025
716	CONTRIBUTION PATRONALE PRERETRAITES	PRERETRAIT PP	E		25.83		01/01/2026
716	CONTRIBUTION PATRONALE PRERETRAITES	PRERETRAIT PP	E		25.74		01/01/2024
717	CONTRIBUTION PATRONALE PRERETRAITES	PRERETRAIT.PP	E		50.00		11/10/2007
718	RR RETRAITE BASE COT AM N-RES. SA	RR RET BASE COT-AM	E		3.20		01/03/2018
719	CONTRIBUTION ART.L137-12 CSS	CONTR. L137-12 CSS	E		40.00		01/01/2026
719	CONTRIBUTION ART.L137-12 CSS	CONTR. L137-12 CSS	E		30.00		01/09/2023
720	CAMIEG COTISATION SOLIDARITE	CAMIEG SOLIDARITE	E		1.15		01/01/2021
725	BONUS MALUS ASSURANCE CHOMAGE U2	BONUS MALUS CHOM	V		0.00		01/09/2022
726	APPRENTIS SECT PRIVE INF SEUIL	APP PRIVE <SEUIL	A	8.55	12.86	0.00	01/01/2026
726	APPRENTIS SECT PRIVE INF SEUIL	APP PRIVE <SEUIL	A	8.55	12.77	0.00	01/01/2024
727	APPRENTIS SECT PRIVE INF SEUIL ALS AL	APP PRIVE AM<SEUIL	A	8.55	12.86	0.00	01/01/2026
727	APPRENTIS SECT PRIVE INF SEUIL ALS AL	APP PRIVE AM<SEUIL	A	8.55	12.77	0.00	01/01/2024
730	DOETH - CONTRIBUTION ANNUELLE	DOETH CONTRIBUTION	E		100.00		01/01/2021
734	JEI EXONERATION TAUX PLEIN	JEI EXO TAUX PLEIN	A	6.90	0.70	0.00	01/01/2026
734	JEI EXONERATION TAUX PLEIN	JEI EXO TAUX PLEIN	A	6.90	0.70	0.00	01/01/2024
735	EXO JEUNE ENTREPRISE DE CROISSANCE	EXO JEC	A	6.90	0.70	0.00	01/01/2026
735	EXO JEUNE ENTREPRISE DE CROISSANCE	EXO JEC	A	6.90	0.70	0.00	01/04/2025
737	LOI INITIATIVE ECO REPORT PREVOYANCE	LIE REPORT PREVOYAN	F	100.00			01/01/2012
740	DOETH - ACCORDS DEPENSES NON ENG	DOETH ACCORDS	E		100.00		01/12/2020
741	REPORT LOI INITIATIVE ECONOMIQUE	REPORT L INITIAT ECO	F	100.00			01/01/2022
743	LOI INITIAT ECO REPORT MOBILITE ADD	LIE REPORT MOBI ADD	F	100.00			01/01/2004
749	LOI INITIAT ECO REPORT VERS MOBILITE	LIE REPORT MOBILITE	F	100.00			01/01/2004
750	CAMIEG COTISATION EQUILIBRE INACTIFS	C EQUILIBRE INACTIF	E		2.25		01/01/2023
754	GUS TOREROS ABT 30%	GUS TOREROS ABT 30%	D	10.82	9.38	0.85	01/01/2026
754	GUS TOREROS ABT 30%	GUS TOREROS ABT 30%	D	10.82	9.31	0.90	01/05/2025
755	BASSINS D'EMPLOI A REDYNAMISER	BASSIN EMPLOI	A	6.90	0.70	0.00	01/01/2026
756	RR RETRAITE CPLMT COTIS AM REG AGRI	RR RET CPLMT COT-AM	E		1.00		01/01/2010
758	RR RETRAITE BASE COTIS AM ALSACE MO	RR RET BASE COT-AM	E		1.10		01/01/2014
759	RR RETRAITE CPLMT COTIS AM IGRLAM	RR RET CPLMT COT-AM	E		1.10		01/01/2014
761	EXO DOM HORS CHOMAGE OM	EXO DOM HORS CHOMAGE	F	100.00			01/01/2026
761	EXO DOM HORS CHOMAGE OM	EXO DOM HORS CHOMAGE	F	100.00			01/01/2019
762	REGUL EXO DOM HORS CHOMAGE OM	REG EXO DOM HORS CH	E	100.00			01/01/2026
762	REGUL EXO DOM HORS CHOMAGE OM	REG EXO DOM HORS CH	E	100.00			01/01/2019
769	BONUS MALUS CCP ASSURANCE CHOMAGE U2	BONUS MALUS CCP CHO	E		100.00		01/09/2022
772	CONTRIBUTIONS ASSURANCE CHOMAGE U2	CONTRIB ASSU CHOMAGE	E		4.00		01/05/2025
772	CONTRIBUTIONS ASSURANCE CHOMAGE U2	CONTRIB ASSU CHOMAGE	E		4.05		01/01/2019
773	ZFU OU ASS ZFU/ZRU VERS MOBILITE ADD	ZFU-ASS ZRU MOB ADD	F	100.00			01/01/2002
776	DOM PECHE MARITIME EXO CSG-CRDS	DOM PECH EX CSG-CRDS	F	100.00			01/01/2025
777	DOM PECHE MARITIME EXO AF 50%	DOM PECHE EXO AF 50%	F	100.00			01/01/2001
798	CAISSES CP BTP-REGUL ANNUELLE	CAISSES CP BTP-REGU	E		100.00		01/01/2026
798	CAISSES CP BTP-REGUL ANNUELLE	CAISSES CP BTP-REGU	E		100.00		01/05/2025
799	CAISSES CP BTP DOM-REGUL ANNUELLE	CAISSES CP BTP DOM	E		100.00		01/01/2026
799	CAISSES CP BTP DOM-REGUL ANNUELLE	CAISSES CP BTP DOM	E		100.00		01/05/2025
800	RGUL.RETRAITES PRESTATIONS DEFINIES	REGUL RETR CHAPEAU	E		100.00		01/07/2019
801	REGUL REDUC GEN SANS CHOMAGE	REGUL REDUC GEN	E	100.00			01/01/2026
801	REGUL REDUC GEN SANS CHOMAGE	REGUL REDUC GEN	E	100.00			01/01/2019
802	REM.VERSEES PAR TIERS CONTRIB.LIBERA	REM.TIERS CONTR.LIB.	D	6.54	12.42	1.04	01/01/2024
803	APPRENTIS SECT PUBLIC INF SEUIL	APP PUB INF SEUIL	A			0.00	01/01/2026
803	APPRENTIS SECT PUBLIC INF SEUIL	APP PUB INF SEUIL	A			0.00	01/01/2024
804	REMUNERATIONS VERSEES PAR DES TIERS	REM.VERSEES TIERS	D	15.45	21.06	2.08	01/01/2026
804	REMUNERATIONS VERSEES PAR DES TIERS	REM.VERSEES TIERS	D	15.45	20.97	2.12	01/01/2024
805	APPRENTIS SECT PUBLIC INF SEUIL ALS AL	APP PUB INF SEUIL	A			0.00	01/01/2026
805	APPRENTIS SECT PUBLIC INF SEUIL ALS AL	APP PUB INF SEUIL	A			0.00	01/01/2024
811	REM.VERSEES PAR TIERS CONTRIB.LIBERA AL	REM.TIERS CONTR.LIB.	D	6.54	12.42	1.04	01/01/2024
812	CONTR.RETRAITES SUPPL L137-11-2 CSS	RET SUPP L137-11-2	E		29.70		01/07/2019
813	COLLAB.OCCAS.SERVICE PUBLIC FPH	COSP FPH	D	15.45	21.06	1.30	01/01/2026
813	COLLAB.OCCAS.SERVICE PUBLIC FPH	COSP FPH	D	15.45	20.97	1.31	01/05/2025
814	FNAL DEGRE ANNEE 6 ARTISTES	FNAL DEG6 ART	E		0.28		01/01/2014
816	FNAL DEGRE ANNEE 6 JOURNALISTES	FNAL DEG6JOUR	E		0.38		01/01/2014
820	VERSEMENT MOBILITE REGIONAL RURAL	VMRR	V		0.00		01/07/2025
822	VM REGIONAL ET RURAL-TX MINO	VMRR TX MINO	V		0.00		01/07/2025
823	COLLABORATEUR OCCAS SERVICE PUBLIC	COLLAB SERV PUBLIC	C	15.45	21.06	0.88	01/01/2026
823	COLLABORATEUR OCCAS SERVICE PUBLIC	COLLAB SERV PUBLIC	C	15.45	20.97	0.92	01/05/2025
829	RR INVALIDITE TI TX PLEIN	RR INVALIDITE TI TX	E		8.80		01/01/2024
835	VOLONTARIAT POUR L'INSERTION	VOLONT. INSERTION	E		100.00		01/01/2006
837	CSG CRDS VOLONTARIAT INSERTION EXO	CSG CRDS INSERTION	E		0.00		01/01/2006
838	RR INVALIDITE TI TAUX MEDIAN	RR INVA TI TX MED	E		7.10		01/01/2024
839	RR INVALIDITE TI TAUX REDUIT	RR INVA TI TX RED	E		4.30		01/01/2024
842	COMPTE GLOBAL CAIS.CONGES PAYES BT	CONGES PAYES	D	15.45	21.06	0.49	01/01/2026
842	COMPTE GLOBAL CAIS.CONGES PAYES BT	CONGES PAYES	D	15.45	20.97	0.50	01/05/2025
843	COLLAB.OCCAS.SERV.PUBLIC FPH EST AL	COSP FPH EST	D	15.45	21.06	1.16	01/01/2026
843	COLLAB.OCCAS.SERV.PUBLIC FPH EST AL	COSP FPH EST	D	15.45	20.97	1.11	01/05/2025
844	CONVENTIONNELLE DIALOGUE SOCIAL	CONV DIAL SOC	V		0.00		01/01/2026
845	CONVE FORMATION PROFESSIONNELLE	CONVE FORM PRO	V		0.00		01/01/2026
850	FONCT.TITULAIRES OUVRIERS D'ETAT	FONCT ETAT	E		15.25		01/01/2015
852	FONCTIONNAIRES NON TITUL FP AVEC AF	NON TIT EN FP	D	15.45	21.06	2.08	01/01/2026
852	FONCTIONNAIRES NON TITUL FP AVEC AF	NON TIT EN FP	D	15.45	20.97	2.12	01/01/2024
853	COLLAB.OCCAS. SERVICE PUBLIC OSS	COSP OSS	D	15.45	21.06	0.96	01/01/2026
853	COLLAB.OCCAS. SERVICE PUBLIC OSS	COSP OSS	D	15.45	20.97	0.93	01/05/2025
854	FONCTIONNAIRES NON TITUL FP SAUF AF	NON TIT EN FP	D	15.45	15.81	2.08	01/01/2026
854	FONCTIONNAIRES NON TITUL FP SAUF AF	NON TIT EN FP	D	15.45	15.72	2.12	01/01/2024
855	COLLAB.OCCAS.SERV.PUBLIC FPT EST AL	COSP FPH EST	D	15.45	21.06	1.31	01/01/2026
855	COLLAB.OCCAS.SERV.PUBLIC FPT EST AL	COSP FPH EST	D	15.45	20.97	1.33	01/05/2025
856	FONCT.DETACHE SAUF AF AT BUDG.ANNEXE	FONCT DETACH	E		10.00		01/01/2012
857	STAGIAIRES FORMATION CONTINUE NOTARI	STAGIAIRE FORM NOT	A	15.45	15.06	0.00	01/01/2026
857	STAGIAIRES FORMATION CONTINUE NOTARI	STAGIAIRE FORM NOT	A	15.45	14.97	0.00	01/01/2024
858	AF FONCTIONNAIRES DETACHES	AF FONCT DETACHES	E		5.25		01/01/2014
859	EMPLOI PENITENTIAIRE CHOMAGE MAYOTTE	PENITENT CHOM MAY	E		2.80		01/05/2022
860	FONCT.DETACHES AVEC AF SANS AT	FONCT DETACH	E		15.25		01/01/2014
861	COMPLEMENT MALADIE NOTARIAT	COMPL.MAL NOTARIAT	E		6.00		01/01/2023
862	FONCT.TERRES AUSTRALES FRANCAISES	TERRE AUSTRAL	E	3.95	0.30		01/03/2018
863	RG MANDATAIRES SOCIAUX	MANDATAIRES SOCIAUX	A	15.45	21.06	0.00	01/01/2026
863	RG MANDATAIRES SOCIAUX	MANDATAIRES SOCIAUX	A	15.45	20.97	0.00	01/01/2024
864	CNRACL CESS. PROGRES. ACTIV.AVEC AT	CESS.ACTIVITE	A		15.43	0.00	01/01/2025
866	CNRACL CESS. PROGRES. ACTIV.SANS AT	CESS.ACTIVITE	E		15.43		01/01/2025
867	FONCTIONNAIRES DETACHES NOTARIAT	FONC DETA NOTARIAT	A		10.75	0.00	01/01/2023
868	POSTES TELECOM ESPACE PERS TITULAIRE	POSTES TELECOM TITUL	E		7.45		01/01/2019
869	SALARIE NON RESIDENT NOTARIAT	FRONTALIER NOTAIRE	E		5.50		01/01/2023
870	EDF GDF AGENTS STATUTAIRES	STATUTAIR	D		8.85	0.16	01/05/2025
870	EDF GDF AGENTS STATUTAIRES	STATUTAIR	D		8.85	0.15	01/01/2024
871	PORT AUTONOME DE STRASBOURG AL	PORT STRASBOURG	A		19.05	0.00	01/04/2022
872	EDF GDF AGENTS DETACHES MUTUELLE	EDF MUTUE	D		8.85	0.16	01/05/2025
872	EDF GDF AGENTS DETACHES MUTUELLE	EDF MUTUE	D		8.85	0.15	01/01/2024
874	FONCT.TIT.DET.C T NON PERM SANS AT	FONCT TITUL	E		17.75		01/01/2018
876	FONCT.TIT.DET.C T NON PERM.AVEC AT	FONCT DET	A		17.75	0.00	01/01/2018
878	FONCTIONNAIRES TITUL DOM ETRANGER OM	FONCT TITUL DOM ETRG	E		10.00		01/01/2012
879	COTISATION AF MILITAIRES	AF MILITAIRES	E		5.25		01/01/2014
880	CNRACL AVEC AT	CNRACL AVEC AT	A		15.43	0.00	01/01/2025
882	CNRACL SANS AT	CNRACL SANS AT	E		15.43		01/01/2025
883	EMPLOI PENITENTIAIRE CHOMAGE U2	CEP CHOMAGE	E		4.00		01/05/2025
883	EMPLOI PENITENTIAIRE CHOMAGE U2	CEP CHOMAGE	E		4.05		01/05/2022
884	CNRACL MALADIE CSA	CNRACL MALADIE CSA	E		10.18		01/01/2025
886	ELUS LOCAUX INDEMNITE INF 50% PASS	ELUS LOC. <50% PASS	A	15.45	21.06	0.00	01/01/2026
886	ELUS LOCAUX INDEMNITE INF 50% PASS	ELUS LOC. <50% PASS	A	15.45	20.97	0.00	01/01/2024
888	CTRES COMM ACTION SOC.SANS AT EXO	CENTRES COMM	E		0.30		01/01/2012
890	CENTRES COMMUNAUX ACTION SOC AVEC AT	CCAS AVEC AT	A		0.30	0.00	01/01/2012
892	FONCT.SUR BUDGETS ANNEXES SANS AT	BUDG.ANNEXES	E		15.43		01/01/2025
893	FONCT REMUNERE BUDG ANNEXE SANS AT AL	BUDG.ANNEXES	E		16.73		01/01/2025
894	FONCT.SUR BUDGETS ANNEXES AVEC AT	BUDG.ANNEXES	A		15.43	0.00	01/01/2025
896	RG MANDATAIRES SOCIAUX MAYOTTE	MANDATAIRES MAY	A	20.84	11.02	0.00	01/01/2026
896	RG MANDATAIRES SOCIAUX MAYOTTE	MANDATAIRES MAY	A	20.73	9.97	0.00	01/01/2025
897	EXO ASS CHOMAGE ARMEMENT MARITIME U2	EXO CHOM ARM MARIT	F	100.00			01/01/2011
898	COLLAB.OCCAS.SERVICE PUBLIC FPT	COSP FPT	D	15.45	21.06	1.66	01/01/2026
898	COLLAB.OCCAS.SERVICE PUBLIC FPT	COSP FPT	D	15.45	20.97	1.72	01/01/2024
900	VERSEMENT MOBILITE	VERST MOBILITE	Z				01/01/2001
901	VERSEMENT MOBILITE ADDITIONNEL	VERST MOBILITE ADD	Y				01/07/2003
904	RR PRESTATIONS FAMILIALES	RR PREST FAMILLE	E		0.50		01/01/2010
909	COT.AT FORFAIT.INOBS.MESURES PREV.	COT AT FORAITAIRE	E		100.00		01/01/2011
911	MOBILITE JOURNALISTES TX MINORE 20%	MOBILI JOURNALISTES	Z				01/01/1940
912	CNIEG VIEILLESSE REGIME DROIT COMMUN	CNIEG VIEIL RDC	E		39.51		01/05/2025
912	CNIEG VIEILLESSE REGIME DROIT COMMUN	CNIEG VIEIL RDC	E		39.84		01/05/2024
913	CNIEG VIEILLESSE REGIME SPECIAL	CNIEG VIEILLESSE RS	E		0.90		01/05/2025
913	CNIEG VIEILLESSE REGIME SPECIAL	CNIEG VIEILLESSE RS	E		1.00		01/05/2024
917	MOBILITE ADD JOURNALISTE TX MINO 20%	MOBILI ADD JOURNALI	Z				01/01/1940
920	EMPL AGRIC (1500 TONNES CANNE) RMI OM	EMPL AGRIC	E	6.90	6.60		01/01/2017
921	MOBILITE ARTISTES TX MINORE 30%	MOBILI ARTISTES	Z				01/01/1940
922	ENTR.DE PRODUCTION D ELECTRICITE	ENTR PROD	D		8.85	0.16	01/05/2025
922	ENTR.DE PRODUCTION D ELECTRICITE	ENTR PROD	D		8.85	0.15	01/01/2024
923	COLLAB.OCCAS. SERV. PUBLIC OSS EST AL	COSP OSS EST	D	15.45	21.06	0.82	01/01/2026
923	COLLAB.OCCAS. SERV. PUBLIC OSS EST AL	COSP OSS EST	D	15.45	20.97	0.87	01/01/2024
926	AT SEULEMENT - GESTION TOTALE	SEUL GEST TOT AT	A			0.00	01/01/1999
927	MOBILITE ADD ARTISTES TX MINO 30%	MOBILI ADD ARTISTES	Z				01/01/1940
930	PORT BDX APPRENTI SECT PUB INF SEUIL	PAB APPR.PUB.INF.	A			0.00	01/01/2028
930	PORT BDX APPRENTI SECT PUB INF SEUIL	PAB APPR.PUB.INF.	A			0.00	01/01/2027
931	PORT BDX APPRENTI SECT PUB SUP SEUIL	PAB APPR.PUB.SUP	A	6.90	0.40	0.00	01/01/2028
931	PORT BDX APPRENTI SECT PUB SUP SEUIL	PAB APPR.PUB.SUP	A	6.90	0.40	0.00	01/01/2027
932	PORT BDX APPRENTI SECT PRIVE	PAB APPR.PRIVE	A	8.55	15.56	0.00	01/01/2028
932	PORT BDX APPRENTI SECT PRIVE	PAB APPR.PRIVE	A	8.55	15.06	0.00	01/01/2027
936	CNIEG PRESTATION COMPL. INVALIDITE	CNIEG PCI	E		0.34		01/05/2022
937	COTISATIONS AGS CAS GENERAL U2	COTIS.AGS CAS GENER.	E		0.25		01/07/2024
938	CONTRATS AIDES ATELIER INSERTION	ATELIER INSERTION	D	15.45	13.26	1.50	01/01/2026
938	CONTRATS AIDES ATELIER INSERTION	ATELIER INSERTION	D	15.45	13.17	1.50	01/01/2024
939	ATELIER INSERTION MAYOTTE	INSERTION MAY	D	20.84	11.02	3.56	01/01/2026
939	ATELIER INSERTION MAYOTTE	INSERTION MAY	D	20.73	9.97	3.68	01/05/2025
940	CNIEG DROITS SPE. PASSES NON REGULES	CNIEG DSPNR	E		100.00		01/01/2021
955	CNIEG PETIT POOL	CNIEG POOL	E		6.50		01/05/2024
956	RR INVALIDITE TI CASA	RR INVA TI CASA	E		0.30		01/04/2013
957	RR IJ INCAPACITE TEMPORAIRE RID	RR IJ RID	E		6.70		01/01/2025
959	CFP ENTREPRISE < 11 SALARIES	CFP ENTREPRISE < 11	E		0.55		01/01/2022
967	CONTR.ROYALTIES ART.ET MANNEQUINS	ROYALT.ART.MANNEQUIN	E		18.60		01/01/2026
967	CONTR.ROYALTIES ART.ET MANNEQUINS	ROYALT.ART.MANNEQUIN	E		17.20		01/01/2024
969	COT.MAL.ROYALTIES ART.ETRANGER	MAL.ROYALT.ART.ETRG	E		8.75		01/01/2020
971	CFP ENTREPRISE >= 11 SALARIES	CFP ENTREPRISE >=11	E		1.00		01/01/2022
978	RR RET BASE COT-AM NON-RES RA NSA	RR RET BASE COT-AM	E		3.20		01/03/2018
979	RR CHOMAGE COTIS AM ALSACE MOSELLE	RR CHOMAGE COT-AM	E		1.10		01/01/2014
983	CFP INTERMITTENTS DU SPECTACLE	CFP INTERMITTENTS	E		2.00		01/01/2022
985	PENALITE PENIBILITE	PEN PENIB	D			100.00	01/07/2012
987	CONTRIBUTION CPF CDD	CONTRIB. CPF CDD	E		1.00		01/01/2022
992	TA PRINCIPALE HORS ALSACE MOSELLE	TA PRINC. HORS AM	E		0.59		01/01/2022
993	TA ALSACE MOSELLE	TA ALSACE MOSELLE	E		0.44		01/01/2022
994	TA DEDUCTION CFA ET OFFRE NOUVELLE	TA DED CFA/OFR NVLE	F	100.00			01/01/2022
995	TA - SOLDE VERSEMENT LIBERATOIRE	TA - SOLDE VERS LIB	E		0.09		01/01/2023
996	TA - DEDUCTION AU SOLDE CFA	TA - DED SOLDE CFA	F	100.00			01/01/2022
997	TA - DEDUCTION SOLDE CREANCE ALTERN	TA - DED SOL CR ALT	F	100.00			01/01/2022
998	CSA CONTRIBUTION ANNUELLE	CSA CONTR. ANNUELLE	E		100.00		01/01/2023
