41062136100014	IRCOM	AAR	2
31456056600015	CGRR	AAR	2
77568291700015	Groupe AG2R	AAR	2
41759197100011	APICIL AGIRA	AAR	2
48053538400055	B2V GESTION ASSOCIATION	AAR	2
33213903900017	Groupe IRP AUTO	AAR	2
44832375800038	AUDIENS	AAR	2
30558637200321	KLESIA Retraite	AAR	2
39911122800017	LOURMEL	AAR	2
39481650800029	Groupe AG2R (REUNICA)	AAR	2
77567053200404	Groupe PRO BTP	AAR	2
50762844400014	MALAKOFF MEDERIC Retraite	AAR	2
41765671700028	Groupe CRC	AAR	2
44289241000030	BTPR	AAR	2
75320126800012	HUMANIS Retraite	AAR	2
77567521800132	HUMANIS CRE IRCAFEX	AAR	2
49914777500021	CAMIEG	CAM	2
47865038500014	CNIEG	CNI	2
77567608300030	Caisse des Congés spectacles	AUD	2
77567188600064	CRPCEN	CRC	2
78542230400291	SIRET de la CRPNPAC	CRN	44627
A10101	ASSUREUR TEST 1 POUR LES EDITEURS	FFS	36526
A10102	ASSUREUR TEST 2 POUR LES EDITEURS	FFS	36526
A10103	ASSUREUR TEST 3 POUR LES EDITEURS	FFS	36526
A4M001	QUATREM	FFS	36526
A4MSP2	QUATREM SANTE PREVOYANCE	FFS	44743
AALAN1	ALAN	FFS	36526
ABCAC1	BCAC	FFS	36526
ABCAC9	BCAC (B2V GESTION)	FFS	36526
ABEIL1	ABEILLE IARD & SANTE	FFS	44593
ABEIL2	ABEILLE VIE	FFS	44593
ABEIL3	ABEILLE RETRAITE PROFESSIONNELLE	FFS	44593
ABPCE1	BPCE VIE	FFS	36526
ACARD1	CARDIF	FFS	36526
ACART7	CREDIT AGRICOLE RETRAITE	FFS	44866
ACHUB1	CHUBB (ACE EUROPEAN GROUP)	FFS	36526
ACMAV1	COMPAGNIE MUTUELLE D'ASSURANCE VIE	FFS	36526
ACNPA1	CNP ASSURANCES	FFS	36526
ACRMU1	ASSURANCES DU CREDIT MUTUEL IARD SA	FFS	36526
ACRMU2	ASSURANCES DU CREDIT MUTUEL VIE SA	FFS	36526
ACRMU3	ASSURANCES CREDIT MUTUEL NORD VIE	FFS	36526
ACRMU4	ASSURANCES CREDIT MUTUEL NORD IARD	FFS	36526
ACRMU5	ASSURANCES CREDIT MUTUEL VIE MUTUELLE	FFS	36526
ACTEV1	ACTE VIE	FFS	36526
AEMOA1	EMOA MUTUELLE DU VAR	FFS	45261
AFIDE1	FIDELIDADE ASSURANCES	FFS	36526
AGARA7	GARANCE RETRAITE	FFS	45566
AGFAC1	GFA CARAIBES	FFS	36526
AGEN01	GENERALI	FFS	36526
AGENR7	GENERALI RETRAITE	FFS	45108
AGGAAV	GAN ASSURANCE VIE	FFS	36526
AGGEEV	GAN EUROCOURTAGE VIE	FFS	36526
AGGRAM	GROUPAMA MEDITERRANNEE	FFS	36526
AGGRCA	GROUPAMA CENTRE-ATLANTIQUE	FFS	36526
AGGRCM	GROUPAMA CENTRE-MANCHE	FFS	36526
AGGRGE	GROUPAMA GRAND-EST	FFS	36526
AGGRNE	GROUPAMA NORD-EST	FFS	36526
AGGROC	GROUPAMA D'OC	FFS	36526
AGGRVI	GROUPAMA VIE	FFS	36526
AGGRLB	GROUPAMA LOIRE-BRETAGNE	FFS	36526
AGGRPL	GROUPAMA PARIS VAL DE LOIRE	FFS	36526
AGGRRA	GROUPAMA RHONES-ALPES AUVERGNE	FFS	36526
AGGROI	GROUPAMA OCEAN INDIEN	FFS	36526
AGGUNM	REUNIMA	FFS	36526
AGSMC1	MUTUELLE GSMC	FFS	44501
AHDIG1	HDI GLOBAL	FFS	44927
AHUMA1	QUATREM (EX MHA)	FFS	36526
AIGEU1	AIG EUROPE	FFS	36526
ALASA1	LA SAUVEGARDE	FFS	36526
ALASF1	LA SECURITE FAMILIALE	FFS	36526
ALAUV1	LAUXILIAIRE VIE	FFS	45566
ALAUX1	LAUXILIAIRE	FFS	45566
ALEGA1	APICIL EPARGNE RETRAITE	FFS	44986
ALIBE1	LIBEA	FFS	36526
ALMON1	AG2R LA MONDIALE	FFS	36526
ALMRS1	LA MONDIALE RETRAITE SUPPLEMENTAIRE	FFS	44805
ALOUR1	LOURMEL SOLUTIONS ASSURANCES	FFS	44378
AMACS1	MUTUELLE D'ASSURANCES DU CORPS DE SANTE FRANCAIS	FFS	36526
AMADP1	MADP ASSURANCES	FFS	36526
AMALP8	MUTUALP	FFS	45413
AMAPA1	MAPA ASSURANCES	FFS	36526
AMDPA1	AMDPA - MUTUELLE DE POITIERS ASSURANCES	FFS	36526
AMFPR1	MFPREVOYANCE	FFS	36526
AMGAS1	CNP ASSURANCES PROTECTION SOCIALE	FFS	45261
AMGD10	MUTUELLE GENERALE DE LA DISTRIBUTION	FFS	43862
AMAAF1	MAAF	FFS	36526
AMILT1	MILTIS	FFS	44927
AMMAS1	MMA	FFS	36526
AMSOL1	MUTUELLES DU SOLEIL	FFS	44470
AMSTM1	MUTUELLE SAINT MARTIN	FFS	43344
AMTRL1	MTRL	FFS	36526
ANTAR1	ANTARIUS	FFS	36526
AOCRP1	OCIRP VIE	FFS	44593
AORAD1	ORADEA VIE	FFS	36526
APACF1	PACIFICA	FFS	36526
APARM1	MAIF VIE	FFS	43647
APERP1	PROBTP ERP (EPARGNE RETRAITE PREVOYANCE]	FFS	36526
APOST1	LA BANQUE POSTALE	FFS	36526
APRED1	PREDICA	FFS	36526
APREP1	PREPAR IARD	FFS	36526
APREV1	MUTUELLE PREVIFRANCE	FFS	43435
APRIM1	PRIMA SANTE PREV	FFS	44896
APRUD1	PRUDENCE CREOLE	FFS	36526
APVIE1	PREVOIR VIE	FFS	44896
AREAS1	AREAS DOMMAGES	FFS	36526
AREEX1	R2E-RETRAITE EPARGNE EXPERTISE	FFS	36526
ARIAL1	ARIAL	FFS	36526
ASAMB1	INIZ MUTUELLE	FFS	36526
ASERE1	SERENIS ASSURANCES	FFS	36526
ASEYN1	SEYNA	FFS	45323
ASGCA1	SOGECAP	FFS	36526
ASHAM1	SHAM	FFS	36526
ASMAB1	SMA BTP	FFS	36526
ASMAV1	SMA VIE	FFS	36526
ASSMC1	ASSURANCES MUTUELLES LE CONSERVATEUR	FFS	36526
ASTCH1	SAINT-CHRISTOPHE PREVOYANCE	FFS	36526
ASWI01	SWISSLIFE	FFS	36526
ATHEL1	THELEM ASSURANCES	FFS	36526
ATOKM1	TOKIO MARINE	FFS	36526
AUMGM1	MUTUALIA	FFS	43647
AVIVA1	AVIVA ASSURANCES	FFS	36526
AVIVA2	AVIVA VIE	FFS	36526
AVIVA3	ARP-AVIVA RETRAITE PROFESSIONNELLE	FFS	43437
AWELC1	WELCARE	FFS	36526
AXA001	AXA ENTREPRISES	FFS	36526
AXERP1	AXERIA PREVOYANCE	FFS	36526
AZ0001	ALLIANZ	FFS	36526
AZRET1	ALLIANZ RETRAITE	FFS	43983
P0002	AGRI PREVOYANCE	CTI	36526
P0223	CPCEA	CTI	36526
P0395	MALAKOFF MEDERIC PREVOYANCE (ex CAPREVAL)	CTI	36526
P0675	IPSEC	CTI	36526
P0826	KERIALIS (ex-CREPA)	CTI	36526
P0832	CARCO	CTI	36526
P0914	BTP PREVOYANCE	CTI	36526
P0921	CIPREV	CTI	36526
P0930	APGIS	CTI	36526
P0942	AG2R PREVOYANCE	CTI	36526
P0945	ARPEGE PREVOYANCE	CTI	36526
P0947	UNIPREVOYANCE	CTI	36526
P0954	IPRIAC	CTI	36526
P0958	IRP AUTO Prévoyance-Santé	CTI	36526
P0959	KLESIA PREVOYANCE (ex-IPGM)	CTI	36526
P0971	CARCEPT PREVOYANCE	CTI	36526
P0972	INPR	CTI	36526
P0978	CARPILIG PREVOYANCE	CTI	36526
P0979	IPECA PREVOYANCE	CTI	36526
P0983	AUDIENS PREVOYANCE	CTI	36526
P0990	CRP-BTP	CTI	36526
P0997	IPBP	CTI	44197
P1003	IRCEM PREVOYANCE	CTI	36526
P1016	KLESIA PREVOYANCE (ex-OREPA-Prévoyance)	CTI	36526
P1020	CAISSE REUNIONNAISE DE PREVOYANCE (CRP)	CTI	36526
P1022	CAPSSA	CTI	36526
P1030	HUMANIS PREVOYANCE (fusionnant APRI/IONIS/NOVALIS/TAITBOUT/CAPAVES prévoyance)	CTI	36526
P1031	APICIL PREVOYANCE	CTI	36526
P1033	CGPCE	CTI	36526
P1035	CCPMA PREVOYANCE	CTI	36526
P1330	A2VIP (ex B2V Prévoyance)	CTI	36526
P2001	MIEL GROUPE MALAKOFF HUMANIS	CTI	43831
P2002	SMATIS Mutuelle	CTI	44197
P2003	MCCI	CTI	44197
P2005	MUTUELLE BOISSIERE	CTI	44835
P3001	RSBP	CTI	44197
P3008	CPCEA RETRAITE SUPPLEMENTAIRE	CTI	44927
P3009	CCPMA RETRAITE SUPPLEMENTAIRE	CTI	44927
P3010	PRODIGEO	CTI	44835
222222222	MUTUELLE DE TEST	FNM	36526
301862769	MUTUELLE SMH	FNM	36526
302476536	LA MUTUELLE CATALANE	FNM	44930
302655766	ESPACE MUTUALISTE GIVORDIN	FNM	44501
302766852	MUTUELLE DE LA REGIE DES TRANSPORTS EN COMMUN DE L'AGGLOMERATION TROYENNE	FNM	36526
302927553	APICIL MUTUELLE	FNM	36526
302976592	AVENIR MUTUELLE	FNM	36526
302981923	MUTUELLE DES PROFESSIONS JUDICIAIRES	FNM	36526
304580228	MUTUELLE FAMILIALE DE NORMANDIE	FNM	36526
308708650	MCLR	FNM	36526
309104099	LA MUTUELLE VERTE	FNM	36526
309244648	MUTUELLE ENTRENOUS	FNM	36526
310259221	MUTUELLE D'IVRY (LA FRATERNELLE)	FNM	36526
311799878	AESIO MUTUELLE (ex ADREA MUTUELLE)	FNM	36526
313309080	LES MUTUELLES LIGERIENNES	FNM	45292
313385882	MUTUELLE ENSEMBLE	FNM	44501
313389157	MUTUELLE D ENTREPRISE DES ETABLISSEMENTS DU BON SAUVEUR	FNM	36526
314559451	MUTUELLE MARE GAILLARD	FNM	36526
314685835	MUTUELLE DES HOPITAUX DE LA VIENNE	FNM	36526
314765546	MUTUELLE DES CHEMINOTS DE LA REGION DE NANTES	FNM	36526
315519231	MUTUELLE LA CHOLETAISE	FNM	36526
315652263	MUTAVIE	FNM	36526
317442176	AESIO MUTUELLE (ex EOVI-MCD MUTUELLE)	FNM	36526
319074779	MUTUELLE CHEMINOTS DU NORD	FNM	36526
320377906	MUTUELLE GENERALE DE PREVOYANCE SOCIALE	FNM	36526
324042621	MUTUELLE DES TRANSPORTS	FNM	36526
330929845	MUTUELLE MFTSV	FNM	36526
331901942	MUTUELLE INTERPROFESSIONNELLE DE PREVOYANCE	FNM	36526
331903757	MUTUELLE ACCIDENTS DE LA CONFEDERATION GENERALE DES OEUVRES LAIQUES	FNM	36526
333212561	MUTUELLE DE PONTOISE	FNM	36526
333333333	MUTUELLE DES PATENTES ET LIBERAUX DE NOUVELLE CALEDONIE	FNM	36526
337682660	MUTUELLE GENERALE DE PREVOYANCE	FNM	36526
339198939	MUTAC	FNM	36526
339358681	MALAKOFF HUMANIS MUTUELLE (EX MHN)	FNM	36526
340359900	INTEGRANCE	FNM	36526
342211265	MUTUELLES DE LORRAINE	FNM	36526
344304787	UNION DES MUTUELLES DE LA REUNION	FNM	36526
347391948	MUTUELLE DU CHU ET HOPITAUX DU PUY DE DOME	FNM	36526
348099789	MUTUELLE PROVENCE ENTREPRISES	FNM	36526
350873287	MUTUELLE DES TERRITORIAUX ET HOSPITALIERS	FNM	36526
351948237	LA PROBITE	FNM	36526
351956537	MUTUELLE DE L'ENSEIGNEMENT CATHOLIQUE DE L'ANJOU	FNM	36526
351963616	MUTUELLE INTERENTREPRISE ERAM 526	FNM	36526
352291561	MUTUELLE MEUSREC	FNM	36526
352502546	MUTUELLE DU VAL DE SEVRE	FNM	36526
352537369	AMICALE DU PERSONNEL DE FLEURY MICHON SA	FNM	36526
353171440	MIAG - MUTUELLE INTERPROFESSIONNELLE ANTILLE GUYANNE	FNM	36526
379718653	MUTUELLE NATIONALE DES PERSONNELS AIR FRANCE	FNM	36526
382046464	MUTUELLE NATIONALE DU PERSONNEL DES ETABLISSEMENTS MICHELIN	FNM	36526
383143617	SOLIMUT MUTUELLE DE FRANCE	FNM	36526
384253605	MUTLOG GARANTIES	FNM	36526
384513073	MUTUELLE GENERALE DE PREVOYANCE ET D'ASSISTANCE	FNM	36526
388213423	MUTUELLE GENERALE SOLIDARITE DE LA REUNION	FNM	36526
388213712	MUTUELLE FAMILIALE DE LA REUNION	FNM	36526
388887259	MUTUELLE DES ELUS LOCAUX	FNM	36526
390730893	MUTUELLE D'OUEST-FRANCE	FNM	36526
390802619	MUTUELLE LA SECURITE ASTURIENNE	FNM	36526
390820058	MUTUELLE D'ENTREPRISES SCHNEIDER ELECTRIC	FNM	36526
390917953	MUTUELLE DU BATIMENT ET DES TRAVAUX PUBLICS DU SUD EST	FNM	36526
390998466	MUTUELLE SAINT AUBANNAISE	FNM	36526
391036183	MUTUELLE DES SAPEURS POMPIERS DE PARIS	FNM	36526
391322849	MUTUELLE DE LA DEPECHE DU MIDI	FNM	36526
391346236	NUOMA MUTUELLE	FNM	36526
391396397	SOCIETE DE PREVOYANCE MUTUALISTE DU PERSONNEL DE LA BANQUE DE FRANCE	FNM	36526
391398351	MUTUELLE NATIONALE DES CONSTRUCTEURS ET ACCEDANTS A LA PROPRIETE	FNM	36526
391399227	GARANCE	FNM	36526
391526225	MUTUELLE SANTE EIFFAGE ENERGIE	FNM	36526
391951357	MUTUELLE DU PERSONNEL DES COLLECTIVITES TERRITORIALE DE LA REUNION	FNM	36526
397742958	MUTUELLE DE FRANCE DES HOSPITALIERS	FNM	36526
405390238	MUTUELLE DE FRANCE LOIRE FOREZ	FNM	36526
407879709	SOCIETE MUTUALISTE INTER-ENTREPRISES	FNM	36526
413423005	MUTUELLE LA FRANCE MARITIME	FNM	36526
414494708	SPHERIA VIE	FNM	36526
419049499	ENERGIE MUTUELLE	FNM	36526
419320015	MUTUELLE PREVOYANCE ET DE L'HABITAT DE LA REUNION	FNM	36526
422801910	MUTUELLE DES SPORTIFS	FNM	36526
429873706	BANQUE POPULAIRE MUTUALITE	FNM	36526
430169342	MUTUELLE DES PERSONNELS DU CH MONTPERRIN	FNM	36526
430173336	MUTUELLE DES EMPLOYES TERRITORIAUX DE SAINT RAPHAEL	FNM	36526
430181123	MUTUELLE DES PERSONNELS MARITIMES	FNM	36526
430184507	MUTUELLE DU PERSONNEL DES TRANSPORTS URBAINS DE CANNES - BUS AZUR	FNM	36526
430270116	MUTUELLE DE SAINT JUNIEN ET DES ENVIRONS	FNM	36526
431282581	SOLIMUT MUTUELLE PERSONNELS ORGANISMES SOCIAUX	FNM	36526
431535327	CPAM - SOCIETE MUTUALISTE INTERENTREPRISE DU PERSONNEL DES ORGANISMES SOCIAUX DU LOT	FNM	36526
431643071	MUTUELLE DE LA VERRERIE D'ALBI	FNM	36526
431875210	JAJI	FNM	45658
431988021	MUTUELLE EPARGNE RETRAITE	FNM	36526
432162113	MUTUELLE DES ANCIENS DES CHANTIERS LA ROCHELLE-PALLICE	FNM	36526
432456788	MUTUELLE DU PERSONNEL DES PORTS DU DETROIT	FNM	36526
432674281	MUTUELLE AIDE ET SOLIDARITE	FNM	36526
432683787	MUTUELLE DE PREVOYANCE ET DE SANTE	FNM	36526
433087806	MUTUELLE AVENIR SANTE	FNM	36526
434243085	MUTUELLE OCIANE MATMUT	FNM	36526
437732191	SOCIETE MUTUALISTE DU SALEVE	FNM	36526
437994205	MUTUELLE GENERALE INTERPROFESSIONNELLE	FNM	36526
438804312	MUTUELLE D'ENTRAIDE DE LA MUTUALITE FRANCAISE	FNM	36526
442292447	MUTUELLE VERRIERS ET ASSIMILES	FNM	36526
442449278	MUTUELLE VAROISE DES TRAVAILLEURS DE L'ETAT	FNM	36526
442489084	MG UNION	FNM	36526
442634564	MUTUELLE DU PERSONNEL DE LA BANQUE POPULAIRE DU SUD	FNM	36526
442671830	MUTUELLE DE L'ENSEIGNEMENT CATHOLIQUE DES COTES D'ARMOR	FNM	36526
442907127	ALLIANCE DES MUTUALISTES DU TRANSPORT ET DU SECTEUR SOCIAL - ALMUTRA	FNM	36526
442930939	MUTUELLE GEODIS	FNM	36526
442978086	PAVILLON PREVOYANCE	FNM	36526
443098603	MUTUELLE DES PERSONNELS DU CENTRE HOSPITALIER D'ALES	FNM	36526
443172507	MUTUELLE DE PREVOYANCE DU PERSONNEL DE LA MACIF	FNM	36526
443396494	UNION MUTUALISTE DE PREVOYANCE	FNM	36526
443611504	MUTUELLE D'ENTREPRISE TANIN ET PANNEAUX DE LABRUGUIERE	FNM	36526
443885355	CYBELE SOLIDARITE	FNM	36526
444060099	MUTUELLE FACOM	FNM	36526
444148399	MUTUELLE DU PERSONNEL DE LA CPAM DU SUD FINISTERE	FNM	36526
444205769	MUTUELLE DE BAGNEAUX	FNM	36526
444270532	CAISSE DE SOLIDARITE DE L'ARSENAL DE TARBES	FNM	36526
444270730	MUTUELLE KEOLIS RENNES	FNM	36526
444424931	MUTUELLE PREVOYANCE ALSACE	FNM	36526
483041307	TERRITORIA MUTUELLE	FNM	36526
483747333	RADIANCE MUTUELLE	FNM	36526
490909454	MUTARIS CAUTION	FNM	36526
499982098	MGEFI - MUTUELLE GENERALE DE L'ECONOMIE DES FINANCES ET DE L'INDUSTRIE	FNM	36526
503380081	MUTUELLE UNEO	FNM	36526
508400629	MFPRECAUTION	FNM	36526
510778442	MUTUELLE MAE	FNM	36526
529168007	KLESIA MUT'	FNM	36526
529219040	MUTEX	FNM	36526
538518473	HARMONIE MUTUELLE	FNM	36526
666666666	MUTUELLE DU COMMERCE	FNM	36526
775558778	MUTUELLE ENTRAIN	FNM	36526
775559651	MUTUELLE D'ENTREPRISE DU PERSONNEL DE LA SOCIETE DES EAUX DE MARSEILLE	FNM	36526
775597768	AMELLIS MUTUELLES	FNM	36526
775606361	MUTUELLE NATIONALE DES HOSPITALIERS ET DES PROFESSIONNELS DE LA SANTE ET DU SOCIAL	FNM	36526
775627391	AESIO MUTUELLE (ex MUTUELLE APREVA)	FNM	36526
775641681	MUTEST	FNM	36526
775657125	SOCIETE MUTUALISTE CHIRURGICALE ET COMPLEMENTAIRE DU PERSONNEL DE LA BANQUE DE FRANCE	FNM	36526
775657521	MUTUELLE DU MINISTERE DE LA JUSTICE	FNM	36526
775659378	MUTUELLE DE PREVOYANCE INTERPROFESSIONNELLE	FNM	36526
775659907	MUTUELLE MIEUX-ETRE	FNM	36526
775659923	UMEN	FNM	36526
775662158	ORPHELINAT MUTUALISTE DE LA POLICE NATIONALE PREVOYANCE	FNM	36526
775666340	ASSOCIATION GENERALE DES MEDECINS DE FRANCE PREVOYANCE	FNM	43740
775671894	MGP	FNM	36526
775671902	MUTUELLE DE L'INDUSTRIE DU PETROLE	FNM	36526
775671951	AVENIR SANTE MUTUELLE	FNM	36526
775671969	MUTUELLE DU PERSONNEL DU GROUPE RATP	FNM	36526
775671993	MUTUELLE BLEUE	FNM	36526
775678550	MUTUELLE GENERALE DES CHEMINOTS	FNM	36526
775678584	MUTUELLE NATIONALE TERRITORIALE	FNM	36526
775682164	TUTELAIRE	FNM	36526
775685340	LA MUTUELLE GENERALE	FNM	36526
775685365	INTERIALE MUTUELLE	FNM	36526
775685399	MUTUELLE GENERALE DE L'EDUCATION NATIONALE	FNM	36526
775691132	LA FRANCE MUTUALISTE	FNM	36526
775691165	MUTUELLE D'EPARGNE DE RETRAITE ET DE PREVOYANCE CARAC	FNM	36526
775722655	MOBILITE MUTUELLE	FNM	36526
776011330	LA FRATERNELLE	FNM	36526
776346462	SANTEMUT ROANNE	FNM	36526
776398794	MUTUELLE DES HOSPITALIERS	FNM	36526
776466963	BPCE MUTUELLE	FNM	36526
776525610	MUTAME SAVOIE MONT BLANC	FNM	36526
776531642	MUTUELLE DE FRANCE UNIE	FNM	44292
776744690	MUTUELLE INTERENTREPRISES DES CAVES DE ROQUEFORT	FNM	36526
776949760	MUTUELLE NATIONALE DES SAPEURS POMPIERS DE FRANCE	FNM	36526
776950602	MPOSS	FNM	36526
776950610	MUTAERO	FNM	36526
776950677	MUTAMI	FNM	36526
777749409	MBA MUTUELLE	FNM	44501
777927120	MUTUELLE VIASANTE	FNM	36526
778213678	MOS	FNM	36526
778588111	MUTUELLE D'ENTREPRISE UGINE GUEUGNON & ALZ	FNM	36526
778847301	SORUAL	FNM	36526
778868513	LA PREVOYANCE ARTISANALE COMMERCIALE ET SALARIALE	FNM	36526
778900027	MUTUELLE COMPLEMENTAIRE D'ALSACE	FNM	36526
779209436	PRECOCIA	FNM	36526
779445436	MUTUELLE SAMIR	FNM	44501
779558501	APIVIA MACIF MUTUELLE	FNM	36526
779846849	SO'LYON MUTUELLE	FNM	36526
779926294	525EME MUTUELLE D'ENTREPRISES	FNM	36526
779984921	MUTUELLE DE L'IRSID	FNM	36526
780004099	ACORIS MUTUELLES	FNM	36526
780349924	AUBEANE MUTUELLE DE FRANCE	FNM	36526
780429049	MUTUELLE DU CHAMPAGNE	FNM	36526
780508073	CCMO MUTUELLE	FNM	36526
780508081	MUTUELLE DE L'OISE DES AGENTS TERRITORIAUX	FNM	36526
780915898	MUTAME & PLUS	FNM	36526
781065412	MUTUELLE DU GRAND PORT MARITIME DU HAVRE	FNM	36526
781166210	MUTUELLE 403	FNM	36526
781452511	MACIF	FNM	36526
781847983	MUTUELLE DU PORT DE BORDEAUX	FNM	36526
781848221	MUTUELLE LA SOLIDARITE D'AQUITAINE	FNM	36526
781848239	MUTUELLE DE L'ENTREPRISE CITRAM	FNM	36526
782416127	MUTUELLE DE FRANCE ALPES DU SUD	FNM	36526
782814727	MUTUELLE MARSEILLE METROPOLE MUTAME PROVENCE	FNM	36526
782825343	MUTUELLE DE FRANCE DU LACYDON	FNM	36526
782825368	MUTUELLE DES SERVICES PUBLICS	FNM	36526
783005655	MUTUELLE DE LA CORSE	FNM	36526
783303209	MUTUELLES DU PAYS HAUT	FNM	36526
783332448	MUTUELLE GENERALE DES ETUDIANTS DE L'EST	FNM	36526
783376270	GROUPE DES MUTUELLES INDEPENDANTES	FNM	36526
783747793	CHORALIS - MUTUELLE LE LIBRE CHOIX	FNM	36526
784117525	MUTUELLE DES AUTEURS ET COMPOSITEURS DRAMATIQUES	FNM	44564
784227894	MUTUELLE COMPLEMENTAIRE DE LA VILLE DE PARIS DE L'ASSISTANCE PUBLIQUE ET DES ADMINISTRATIONS ANNEXES	FNM	36526
784275885	MUTUELLE INTERGROUPES D'ENTRAIDE	FNM	36526
784301434	CDC MUTUELLE	FNM	36526
784301475	MUTUELLE GENERALE DES AFFAIRES SOCIALES	FNM	36526
784338600	SOCIETE MUTUALISTE DU PERSONNEL DE LA SNECMA	FNM	36526
784338618	MCEN - MUTUELLE DES CLERCS ET EMPLOYES DE NOTAIRE	FNM	36526
784360596	ASSOCIATION NATIONALE DES COLLABORATEURS DE MINISTRES ET DE PARLEMENTAIRES	FNM	36526
784360661	MUTUELLE DU MONDE COMBATTANT	FNM	36526
784394413	MUTUELLE FAMILIALE DES CHEMINOTS DE FRANCE	FNM	36526
784410805	MUTUELLE DU PERSONNEL DU GROUPE SOCIETE GENERALE	FNM	36526
784410847	MUTUELLE DU GROUPE BNP PARIBAS	FNM	36526
784442899	MUTUELLE NATIONALE DES FONCTIONNAIRES DES COLLECTIVITES TERRITORIALES	FNM	36526
784442915	MUTUELLE FAMILIALE	FNM	36526
784442923	LA SOLIDARITE MUTUALISTE	FNM	36526
784451569	MUTUELLE INTERGROUPES POLIET ET CIMENT FRANCAIS	FNM	36526
784492084	FRANCE MUTUELLE	FNM	36526
784608754	MUTUELLE MMH	FNM	36526
784647323	LAMIE MUTUELLE	FNM	36526
784669954	SMI	FNM	36526
784718207	UNION NATIONALE MUTUALISTE INTERPROFESSIONNELLE	FNM	36526
784718256	MALAKOFF HUMANIS MUTUELLE (EX MMH)	FNM	36526
784718397	MUTUELLE VALEO	FNM	36526
785151689	MUTUELLE LES MENAGES PREVOYANTS	FNM	36526
785196155	MUTUELLE FAMILIALE DES TRAVAILLEURS DU GROUPE SAFRAN	FNM	36526
785280884	MUTUELLE DES INDUSTRIES AERONAUTIQUES SPATIALES ET CONNEXES	FNM	43160
788108546	MUTUELLE DES SCOP - MUCS	FNM	36526
790314017	HARMONIE FONCTION PUBLIQUE	FNM	36526
851629162	UNMI'MUT	FNM	43955
MUT830EMO	EMOA	OCI	2
MUT410ALE	MUTUALE	OCI	2
MUT590JUS	JUST	OCI	2
MUT750AMP	AMPLI	OCI	2
MUT690MIL	MILTIS	OCI	2
MUT310REM	REMPART	OCI	2
MUT750ARG	ARGENSON	OCI	2
MUT974UMS	UMS	OCI	2
MUT310PRE	PREVIFRANCE	OCI	2
MUT590GSM	GSMC	OCI	2
MUT540NOV	NOVAMUT	OCI	2
MUT880MVH	MUTUELLE VICTOR HUGO	OCI	2
MUT730SMI	SMIP	OCI	2
MUT441LML	LES MUTUELLES LIGERIENNES	OCI	2
MUT370RAL	LE RALLIEMENT	OCI	2
MUT750MFI	MFIF	OCI	2
MUT700MMC	MUTUELLE MEDICO-CHIRURGICALE	OCI	2
MUT750CNM	CNM PREVOYANCE SANTE	OCI	2
MUT954PMI	PMIF	OCI	2
MUT130MHR	Mutuelle des Assurés Sociaux	OCI	2
IND000001	Mutuelle des Pays de Vilaine	OCI	2
IND000002	ASPBTP	OCI	2
C20100947	MCM Corse	OCI	2
E61C62CJT	MUTUELLE SERAMM	OCI	2
MUTSEPR84	SOCIETE MUTUALISTE SEPR	OCI	2
MPV841997	MUTUELLE DES PAYS DE VAUCLUSE	OCI	2
ENTISGEST	ENTIS GESTION	OCI	2
M13011200	Mutuelle du Pays Martégal	OCI	2
M40359626	Mutualia Alliance Santé	OCI	2
M44957125	Mutualia Territoires Solidaires	OCI	2
M40128530	Mutualia Grand Ouest	OCI	2
S13011549	Sereina Mutuelle	OCI	2
MUTUMGA84	MUTUELLE GENERALE D'AVIGNON	OCI	2
REFUGEM12	LE REFUGE MUTUALISTE AVEYRONNAIS	OCI	2
M24593979	UFR-Unité Fraternelle des Régions	OCI	2
MFI3636CB	Mutuelle Familiale de l'Indre	OCI	2
M78371199	M comme Mutuelle	OCI	2
UNIMUT379	Unimutuelles	OCI	2
MUTSANT08	Mutuelle Santé 08	OCI	2
MUTASANTE	MUTA SANTE	OCI	2
MUTMEDI83	Mutuelle de la Méditerranée	OCI	2
MUTCMIP60	Mutuelle CMIP (Centre Mutualiste InterProfessionnel)	OCI	43831
IM2023200	Identités Mutuelle	OCI	45292
UDTMUT131	Mutuelle UDT	OCI	2
DMSA11	MSA Grand Sud	MSA	2
DMSA12	MSA Midi-Pyrénées Nord	MSA	2
DMSA13	MSA Provence-Azur	MSA	2
DMSA14	MSA Côtes Normandes	MSA	2
DMSA17	MSA Charentes	MSA	2
DMSA20	MSA de la Corse	MSA	2
DMSA21	MSA Bourgogne	MSA	2
DMSA22	MSA Armorique	MSA	2
DMSA24	MSA Dordogne	MSA	2
DMSA25	MSA Franche-Comté	MSA	2
DMSA26	MSA Ardèche Drôme Loire	MSA	2
DMSA27	MSA Haute-Normandie	MSA	2
DMSA28	MSA Beauce Coeur de Loire	MSA	2
DMSA32	MSA Midi-Pyrénées Sud	MSA	2
DMSA33	MSA Gironde	MSA	2
DMSA35	MSA Portes de Bretagne	MSA	2
DMSA41	MSA Berry-Touraine	MSA	2
DMSA48	MSA Languedoc	MSA	2
DMSA49	MSA Maine-et-Loire	MSA	2
DMSA51	MSA Marne-Ardennes-Meuse	MSA	2
DMSA52	MSA Sud Champagne	MSA	2
DMSA54	MSA Lorraine	MSA	2
DMSA59	MSA Nord - Pas-de-Calais	MSA	2
DMSA63	MSA Auvergne	MSA	2
DMSA64	MSA Sud Aquitaine	MSA	2
DMSA68	MSA Alsace	MSA	2
DMSA69	MSA Ain-Rhône	MSA	2
DMSA72	MSA Mayenne-Orne-Sarthe	MSA	2
DMSA73	MSA Alpes du Nord	MSA	2
DMSA75	MSA Ile-de-France	MSA	2
DMSA77	CPS St Barthélémy	MSA	2
DMSA80	MSA Picardie	MSA	2
DMSA84	MSA Alpes Vaucluse	MSA	2
DMSA85	MSA Loire-Atlantique Vendée	MSA	2
DMSA86	MSA Sèvres-Vienne	MSA	2
DMSA87	MSA Limousin	MSA	2
75357004300012	Urssaf Alsace	URS	2
78877877700011	Urssaf Aquitaine	URS	2
53513821800016	Urssaf Auvergne	URS	2
79471473300019	Urssaf Bourgogne	URS	2
75375957000108	Urssaf Bretagne	URS	44866
79512003900107	Urssaf Centre-Val de Loire	URS	44220
79512003900081	Urssaf Centre-Val de Loire-Adhésion en lieu unique et GE	URS	2
75285582500010	Urssaf Champagne-Ardenne	URS	2
78299314100038	Urssaf Corse	URS	2
79507010100071	Urssaf Franche-Comté	URS	44220
78861779300013	Urssaf Ile-de-France	URS	2
75366412700077	Urssaf Languedoc-Roussillon	URS	44220
75391952100017	Urssaf Limousin	URS	2
75333448100060	Urssaf Lorraine	URS	45597
53514650000017	Urssaf Midi-Pyrénées	URS	2
53514650090018	Urssaf Midi-Pyrénées-TGE	URS	2
75367340900011	Urssaf Nord-Pas-de-Calais	URS	2
78366205990022	Urssaf Nord-Pas-de-Calais-TGE	URS	2
90209799700016	Urssaf Normandie	URS	44531
53510475600015	Urssaf Pays de la Loire	URS	2
75366327700014	Urssaf Picardie	URS	2
75364415200013	Urssaf Poitou-Charentes	URS	2
75364415200039	Urssaf Marins du commerce	URS	2
79448723100019	Urssaf Provence-Alpes-Côte d'Azur	URS	2
79484650100011	Urssaf Rhône-Alpes	URS	2
79484650190011	Urssaf Rhône-Alpes-Gestion TGE/GE	URS	2
31457202500307	CGSS de Guadeloupe	URS	44470
31402496900029	CGSS de Martinique	URS	2
31519076900028	CGSS de Guyane	URS	2
31463548300014	CGSS de la Réunion	URS	2
47928171900035	CSS de Mayotte	URS	44470
DGFIP	DGFIP	FIP	2
13000548100010	Pôle Emploi	PEM	2
78427591900040	Caisse Nationale des Barreaux Français	CNB	2
